"CombinaisonID","Replicates","Code","mix_ID","decay","N","C","P","lignin","cellulose","hemicellulose","wsc","CN","CP","NP"
"MFL1","A","MFL1A","fPINSYL","0.434353355","0.392835647","50.47607168","0.0306675","23.44604422","26.2631144","16.43841716","33.85242422","128.4915768","1645.914119","12.80950985"
"MFL1","C","MFL1C","fPINSYL","0.434353355","0.392835647","50.47607168","0.0306675","23.44604422","26.2631144","16.43841716","33.85242422","128.4915768","1645.914119","12.80950985"
"MFL1","D","MFL1D","fPINSYL","0.434353355","0.392835647","50.47607168","0.0306675","23.44604422","26.2631144","16.43841716","33.85242422","128.4915768","1645.914119","12.80950985"
"MFL1","F","MFL1F","fPINSYL","0.434353355","0.392835647","50.47607168","0.0306675","23.44604422","26.2631144","16.43841716","33.85242422","128.4915768","1645.914119","12.80950985"
"MFL2","A","MFL2A","fPICABI","0.643130129","0.910458386","46.60073344","0.052862614","27.02562922","19.42787127","16.16041606","37.38608344","51.18381483","881.5442422","17.22310549"
"MFL2","C","MFL2C","fPICABI","0.643130129","0.910458386","46.60073344","0.052862614","27.02562922","19.42787127","16.16041606","37.38608344","51.18381483","881.5442422","17.22310549"
"MFL2","D","MFL2D","fPICABI","0.643130129","0.910458386","46.60073344","0.052862614","27.02562922","19.42787127","16.16041606","37.38608344","51.18381483","881.5442422","17.22310549"
"MFL2","F","MFL2F","fPICABI","0.643130129","0.910458386","46.60073344","0.052862614","27.02562922","19.42787127","16.16041606","37.38608344","51.18381483","881.5442422","17.22310549"
"MFL3","A","MFL3A","fBETPEN","0.488936428","0.706276993","50.57753372","0.102700345","33.79405989","15.15632015","15.96722987","35.0823901","71.61147004","492.4767653","6.877065434"
"MFL3","C","MFL3C","fBETPEN","0.488936428","0.706276993","50.57753372","0.102700345","33.79405989","15.15632015","15.96722987","35.0823901","71.61147004","492.4767653","6.877065434"
"MFL3","D","MFL3D","fBETPEN","0.488936428","0.706276993","50.57753372","0.102700345","33.79405989","15.15632015","15.96722987","35.0823901","71.61147004","492.4767653","6.877065434"
"MFL3","F","MFL3F","fBETPEN","0.488936428","0.706276993","50.57753372","0.102700345","33.79405989","15.15632015","15.96722987","35.0823901","71.61147004","492.4767653","6.877065434"
"MFL4","A","MFL4A","fPICABIfPINSYL","0.443418022","0.651647016","48.53840256","0.041765057","25.23583672","22.84549284","16.29941661","35.61925383","74.48572822","1162.177322","15.60268457"
"MFL4","C","MFL4C","fPICABIfPINSYL","0.443418022","0.651647016","48.53840256","0.041765057","25.23583672","22.84549284","16.29941661","35.61925383","74.48572822","1162.177322","15.60268457"
"MFL4","D","MFL4D","fPICABIfPINSYL","0.443418022","0.651647016","48.53840256","0.041765057","25.23583672","22.84549284","16.29941661","35.61925383","74.48572822","1162.177322","15.60268457"
"MFL4","F","MFL4F","fPICABIfPINSYL","0.443418022","0.651647016","48.53840256","0.041765057","25.23583672","22.84549284","16.29941661","35.61925383","74.48572822","1162.177322","15.60268457"
"MFL5","A","MFL5A","fBETPENfPINSYL","0.447850957","0.54955632","50.5268027","0.066683923","28.62005205","20.70971728","16.20282351","34.46740716","91.94108205","757.705916","8.241211645"
"MFL5","C","MFL5C","fBETPENfPINSYL","0.447850957","0.54955632","50.5268027","0.066683923","28.62005205","20.70971728","16.20282351","34.46740716","91.94108205","757.705916","8.241211645"
"MFL5","D","MFL5D","fBETPENfPINSYL","0.447850957","0.54955632","50.5268027","0.066683923","28.62005205","20.70971728","16.20282351","34.46740716","91.94108205","757.705916","8.241211645"
"MFL5","F","MFL5F","fBETPENfPINSYL","0.447850957","0.54955632","50.5268027","0.066683923","28.62005205","20.70971728","16.20282351","34.46740716","91.94108205","757.705916","8.241211645"
"MFL6","A","MFL6A","fBETPENfPICABI","0.516774827","0.808367689","48.58913358","0.07778148","30.40984456","17.29209571","16.06382296","36.23423677","60.10771362","624.6876985","10.3928042"
"MFL6","C","MFL6C","fBETPENfPICABI","0.516774827","0.808367689","48.58913358","0.07778148","30.40984456","17.29209571","16.06382296","36.23423677","60.10771362","624.6876985","10.3928042"
"MFL6","D","MFL6D","fBETPENfPICABI","0.516774827","0.808367689","48.58913358","0.07778148","30.40984456","17.29209571","16.06382296","36.23423677","60.10771362","624.6876985","10.3928042"
"MFL6","F","MFL6F","fBETPENfPICABI","0.516774827","0.808367689","48.58913358","0.07778148","30.40984456","17.29209571","16.06382296","36.23423677","60.10771362","624.6876985","10.3928042"
"MFL7","A","MFL7A","fBETPENfPICABIfPINSYL","0.532785808","0.669857009","49.21811295","0.06207682","28.08857778","20.28243527","16.18868769","35.44029925","73.47555122","792.8581554","10.79077519"
"MFL7","C","MFL7C","fBETPENfPICABIfPINSYL","0.532785808","0.669857009","49.21811295","0.06207682","28.08857778","20.28243527","16.18868769","35.44029925","73.47555122","792.8581554","10.79077519"
"MFL7","D","MFL7D","fBETPENfPICABIfPINSYL","0.532785808","0.669857009","49.21811295","0.06207682","28.08857778","20.28243527","16.18868769","35.44029925","73.47555122","792.8581554","10.79077519"
"MFL7","F","MFL7F","fBETPENfPICABIfPINSYL","0.532785808","0.669857009","49.21811295","0.06207682","28.08857778","20.28243527","16.18868769","35.44029925","73.47555122","792.8581554","10.79077519"
"MGL1","A","MGL1A","gFAGSYL","0.485813063","0.931194544","45.10514323","0.044772964","24.25364796","20.43509613","15.34463824","39.96661767","48.43793762","1007.41919","20.79814377"
"MGL1","C","MGL1C","gFAGSYL","0.485813063","0.931194544","45.10514323","0.044772964","24.25364796","20.43509613","15.34463824","39.96661767","48.43793762","1007.41919","20.79814377"
"MGL1","D","MGL1D","gFAGSYL","0.485813063","0.931194544","45.10514323","0.044772964","24.25364796","20.43509613","15.34463824","39.96661767","48.43793762","1007.41919","20.79814377"
"MGL1","F","MGL1F","gFAGSYL","0.485813063","0.931194544","45.10514323","0.044772964","24.25364796","20.43509613","15.34463824","39.96661767","48.43793762","1007.41919","20.79814377"
"MGL10","A","MGL10A","gFRAEXCgPICABI","0.848981696","1.745163361","46.13801003","0.087301989","18.18649251","16.79853926","16.29583548","48.71913275","26.43764535","528.4874996","19.989961"
"MGL10","C","MGL10C","gFRAEXCgPICABI","0.848981696","1.745163361","46.13801003","0.087301989","18.18649251","16.79853926","16.29583548","48.71913275","26.43764535","528.4874996","19.989961"
"MGL10","D","MGL10D","gFRAEXCgPICABI","0.848981696","1.745163361","46.13801003","0.087301989","18.18649251","16.79853926","16.29583548","48.71913275","26.43764535","528.4874996","19.989961"
"MGL10","F","MGL10F","gFRAEXCgPICABI","0.848981696","1.745163361","46.13801003","0.087301989","18.18649251","16.79853926","16.29583548","48.71913275","26.43764535","528.4874996","19.989961"
"MGL11","A","MGL11A","gFRAEXCgQUESP","0.980736673","1.446854899","45.85300891","0.098067335","21.2808501","15.29091423","14.54095635","48.88727932","31.69150474","467.5665863","14.75368841"
"MGL11","C","MGL11C","gFRAEXCgQUESP","0.980736673","1.446854899","45.85300891","0.098067335","21.2808501","15.29091423","14.54095635","48.88727932","31.69150474","467.5665863","14.75368841"
"MGL11","D","MGL11D","gFRAEXCgQUESP","0.980736673","1.446854899","45.85300891","0.098067335","21.2808501","15.29091423","14.54095635","48.88727932","31.69150474","467.5665863","14.75368841"
"MGL11","F","MGL11F","gFRAEXCgQUESP","0.980736673","1.446854899","45.85300891","0.098067335","21.2808501","15.29091423","14.54095635","48.88727932","31.69150474","467.5665863","14.75368841"
"MGL12","A","MGL12A","gACEPSEgFRAEXC","1.175275378","1.515926431","42.77594884","0.047005858","18.18143688","15.29563136","13.76762483","52.75530693","28.21769446","910.0131402","32.24973399"
"MGL12","C","MGL12C","gACEPSEgFRAEXC","1.175275378","1.515926431","42.77594884","0.047005858","18.18143688","15.29563136","13.76762483","52.75530693","28.21769446","910.0131402","32.24973399"
"MGL12","D","MGL12D","gACEPSEgFRAEXC","1.175275378","1.515926431","42.77594884","0.047005858","18.18143688","15.29563136","13.76762483","52.75530693","28.21769446","910.0131402","32.24973399"
"MGL12","F","MGL12F","gACEPSEgFRAEXC","1.175275378","1.515926431","42.77594884","0.047005858","18.18143688","15.29563136","13.76762483","52.75530693","28.21769446","910.0131402","32.24973399"
"MGL15","A","MGL15A","gACEPSEgQUESP","0.743468785","0.980834544","44.16586367","0.086316718","17.46466966","15.71106301","14.68669249","52.13757484","45.02886237","511.6721839","11.36320478"
"MGL15","C","MGL15C","gACEPSEgQUESP","0.743468785","0.980834544","44.16586367","0.086316718","17.46466966","15.71106301","14.68669249","52.13757484","45.02886237","511.6721839","11.36320478"
"MGL15","D","MGL15D","gACEPSEgQUESP","0.743468785","0.980834544","44.16586367","0.086316718","17.46466966","15.71106301","14.68669249","52.13757484","45.02886237","511.6721839","11.36320478"
"MGL15","F","MGL15F","gACEPSEgQUESP","0.743468785","0.980834544","44.16586367","0.086316718","17.46466966","15.71106301","14.68669249","52.13757484","45.02886237","511.6721839","11.36320478"
"MGL17","A","MGL17A","gFAGSYLgFRAEXCgQUESP","0.763937388","1.274968114","45.60372035","0.080302544","22.27178272","17.00564153","14.80885031","45.91372544","35.76851832","567.8988211","15.87705747"
"MGL17","C","MGL17C","gFAGSYLgFRAEXCgQUESP","0.763937388","1.274968114","45.60372035","0.080302544","22.27178272","17.00564153","14.80885031","45.91372544","35.76851832","567.8988211","15.87705747"
"MGL17","D","MGL17D","gFAGSYLgFRAEXCgQUESP","0.763937388","1.274968114","45.60372035","0.080302544","22.27178272","17.00564153","14.80885031","45.91372544","35.76851832","567.8988211","15.87705747"
"MGL17","F","MGL17F","gFAGSYLgFRAEXCgQUESP","0.763937388","1.274968114","45.60372035","0.080302544","22.27178272","17.00564153","14.80885031","45.91372544","35.76851832","567.8988211","15.87705747"
"MGL18","A","MGL18A","gACEPSEgFAGSYLgFRAEXC","0.980744885","1.321015802","43.55234697","0.04626156","20.20550724","17.00878628","14.29329597","48.49241051","32.96883119","941.4370521","28.55536633"
"MGL18","C","MGL18C","gACEPSEgFAGSYLgFRAEXC","0.980744885","1.321015802","43.55234697","0.04626156","20.20550724","17.00878628","14.29329597","48.49241051","32.96883119","941.4370521","28.55536633"
"MGL18","D","MGL18D","gACEPSEgFAGSYLgFRAEXC","0.980744885","1.321015802","43.55234697","0.04626156","20.20550724","17.00878628","14.29329597","48.49241051","32.96883119","941.4370521","28.55536633"
"MGL18","F","MGL18F","gACEPSEgFAGSYLgFRAEXC","0.980744885","1.321015802","43.55234697","0.04626156","20.20550724","17.00878628","14.29329597","48.49241051","32.96883119","941.4370521","28.55536633"
"MGL2","A","MGL2A","gFRAEXC","0.893273781","1.981946786","44.46309408","0.058756475","21.99761733","14.87548257","13.62188869","49.50501141","22.43405039","756.7352208","33.73154681"
"MGL2","C","MGL2C","gFRAEXC","0.893273781","1.981946786","44.46309408","0.058756475","21.99761733","14.87548257","13.62188869","49.50501141","22.43405039","756.7352208","33.73154681"
"MGL2","D","MGL2D","gFRAEXC","0.893273781","1.981946786","44.46309408","0.058756475","21.99761733","14.87548257","13.62188869","49.50501141","22.43405039","756.7352208","33.73154681"
"MGL2","F","MGL2F","gFRAEXC","0.893273781","1.981946786","44.46309408","0.058756475","21.99761733","14.87548257","13.62188869","49.50501141","22.43405039","756.7352208","33.73154681"
"MGL21","A","MGL21A","gACEPSEgFAGSYLgQUESP","0.637680533","0.964287877","44.47895686","0.0724688","19.72766242","17.28574072","14.90600774","48.08058912","46.12622217","613.7669837","13.3062487"
"MGL21","C","MGL21C","gACEPSEgFAGSYLgQUESP","0.637680533","0.964287877","44.47895686","0.0724688","19.72766242","17.28574072","14.90600774","48.08058912","46.12622217","613.7669837","13.3062487"
"MGL21","D","MGL21D","gACEPSEgFAGSYLgQUESP","0.637680533","0.964287877","44.47895686","0.0724688","19.72766242","17.28574072","14.90600774","48.08058912","46.12622217","613.7669837","13.3062487"
"MGL21","F","MGL21F","gACEPSEgFAGSYLgQUESP","0.637680533","0.964287877","44.47895686","0.0724688","19.72766242","17.28574072","14.90600774","48.08058912","46.12622217","613.7669837","13.3062487"
"MGL27","A","MGL27A","gACEPSEgFAGSYLgPICABIgQUESP","0.589557404","1.100310892","45.31244914","0.083313476","18.38958874","17.64470453","15.92195137","48.04375536","41.1814965","543.8789896","13.20687775"
"MGL27","C","MGL27C","gACEPSEgFAGSYLgPICABIgQUESP","0.589557404","1.100310892","45.31244914","0.083313476","18.38958874","17.64470453","15.92195137","48.04375536","41.1814965","543.8789896","13.20687775"
"MGL27","D","MGL27D","gACEPSEgFAGSYLgPICABIgQUESP","0.589557404","1.100310892","45.31244914","0.083313476","18.38958874","17.64470453","15.92195137","48.04375536","41.1814965","543.8789896","13.20687775"
"MGL27","F","MGL27F","gACEPSEgFAGSYLgPICABIgQUESP","0.589557404","1.100310892","45.31244914","0.083313476","18.38958874","17.64470453","15.92195137","48.04375536","41.1814965","543.8789896","13.20687775"
"MGL28","A","MGL28A","gACEPSEgFAGSYLgFRAEXCgQUESP","0.839559497","1.218702604","44.47499116","0.069040719","20.29515115","16.68317618","14.58497798","48.43669469","36.49371964","644.1849377","17.65193968"
"MGL28","C","MGL28C","gACEPSEgFAGSYLgFRAEXCgQUESP","0.839559497","1.218702604","44.47499116","0.069040719","20.29515115","16.68317618","14.58497798","48.43669469","36.49371964","644.1849377","17.65193968"
"MGL28","D","MGL28D","gACEPSEgFAGSYLgFRAEXCgQUESP","0.839559497","1.218702604","44.47499116","0.069040719","20.29515115","16.68317618","14.58497798","48.43669469","36.49371964","644.1849377","17.65193968"
"MGL28","F","MGL28F","gACEPSEgFAGSYLgFRAEXCgQUESP","0.839559497","1.218702604","44.47499116","0.069040719","20.29515115","16.68317618","14.58497798","48.43669469","36.49371964","644.1849377","17.65193968"
"MGL29","A","MGL29A","gACEPSEgFAGSYLgFRAEXCgPICABI","0.880167076","1.367856835","44.61749172","0.063658046","18.74797235","17.4369887","15.46241754","48.3526214","32.61853914","700.893201","21.48757177"
"MGL29","C","MGL29C","gACEPSEgFAGSYLgFRAEXCgPICABI","0.880167076","1.367856835","44.61749172","0.063658046","18.74797235","17.4369887","15.46241754","48.3526214","32.61853914","700.893201","21.48757177"
"MGL29","D","MGL29D","gACEPSEgFAGSYLgFRAEXCgPICABI","0.880167076","1.367856835","44.61749172","0.063658046","18.74797235","17.4369887","15.46241754","48.3526214","32.61853914","700.893201","21.48757177"
"MGL29","F","MGL29F","gACEPSEgFAGSYLgFRAEXCgPICABI","0.880167076","1.367856835","44.61749172","0.063658046","18.74797235","17.4369887","15.46241754","48.3526214","32.61853914","700.893201","21.48757177"
"MGL3","A","MGL3A","gPICABI","0.45539914","1.508379936","47.81292597","0.115847504","14.3753677","18.72159595","18.96978227","47.93325408","31.69819806","412.722972","13.02039224"
"MGL3","C","MGL3C","gPICABI","0.45539914","1.508379936","47.81292597","0.115847504","14.3753677","18.72159595","18.96978227","47.93325408","31.69819806","412.722972","13.02039224"
"MGL3","D","MGL3D","gPICABI","0.45539914","1.508379936","47.81292597","0.115847504","14.3753677","18.72159595","18.96978227","47.93325408","31.69819806","412.722972","13.02039224"
"MGL3","F","MGL3F","gPICABI","0.45539914","1.508379936","47.81292597","0.115847504","14.3753677","18.72159595","18.96978227","47.93325408","31.69819806","412.722972","13.02039224"
"MGL4","A","MGL4A","gQUESP","0.394268972","0.911763012","47.24292374","0.137378194","20.56408288","15.70634588","15.46002401","48.26954723","51.81491582","343.8895375","6.636883069"
"MGL4","C","MGL4C","gQUESP","0.394268972","0.911763012","47.24292374","0.137378194","20.56408288","15.70634588","15.46002401","48.26954723","51.81491582","343.8895375","6.636883069"
"MGL4","D","MGL4D","gQUESP","0.394268972","0.911763012","47.24292374","0.137378194","20.56408288","15.70634588","15.46002401","48.26954723","51.81491582","343.8895375","6.636883069"
"MGL4","F","MGL4F","gQUESP","0.394268972","0.911763012","47.24292374","0.137378194","20.56408288","15.70634588","15.46002401","48.26954723","51.81491582","343.8895375","6.636883069"
"MGL5","A","MGL5A","gACEPSE","1.009077101","1.049906075","41.08880361","0.035255242","14.36525643","15.71578014","13.91336097","56.00560245","39.13569469","1165.466507","29.78014102"
"MGL5","C","MGL5C","gACEPSE","1.009077101","1.049906075","41.08880361","0.035255242","14.36525643","15.71578014","13.91336097","56.00560245","39.13569469","1165.466507","29.78014102"
"MGL5","D","MGL5D","gACEPSE","1.009077101","1.049906075","41.08880361","0.035255242","14.36525643","15.71578014","13.91336097","56.00560245","39.13569469","1165.466507","29.78014102"
"MGL5","F","MGL5F","gACEPSE","1.009077101","1.049906075","41.08880361","0.035255242","14.36525643","15.71578014","13.91336097","56.00560245","39.13569469","1165.466507","29.78014102"
"MGL6","A","MGL6A","gFAGSYLgFRAEXC","0.971601449","1.456570665","44.78411865","0.05176472","23.12563264","17.65528935","14.48326347","44.73581454","30.74627255","865.1475185","28.13828952"
"MGL6","C","MGL6C","gFAGSYLgFRAEXC","0.971601449","1.456570665","44.78411865","0.05176472","23.12563264","17.65528935","14.48326347","44.73581454","30.74627255","865.1475185","28.13828952"
"MGL6","D","MGL6D","gFAGSYLgFRAEXC","0.971601449","1.456570665","44.78411865","0.05176472","23.12563264","17.65528935","14.48326347","44.73581454","30.74627255","865.1475185","28.13828952"
"MGL6","F","MGL6F","gFAGSYLgFRAEXC","0.971601449","1.456570665","44.78411865","0.05176472","23.12563264","17.65528935","14.48326347","44.73581454","30.74627255","865.1475185","28.13828952"
"MGL8","A","MGL8A","gFAGSYLgQUESP","0.432745106","0.921478778","46.17403348","0.091075579","22.40886542","18.07072101","15.40233112","44.11808245","50.10862385","506.9858888","10.11773722"
"MGL8","C","MGL8C","gFAGSYLgQUESP","0.432745106","0.921478778","46.17403348","0.091075579","22.40886542","18.07072101","15.40233112","44.11808245","50.10862385","506.9858888","10.11773722"
"MGL8","D","MGL8D","gFAGSYLgQUESP","0.432745106","0.921478778","46.17403348","0.091075579","22.40886542","18.07072101","15.40233112","44.11808245","50.10862385","506.9858888","10.11773722"
"MGL8","F","MGL8F","gFAGSYLgQUESP","0.432745106","0.921478778","46.17403348","0.091075579","22.40886542","18.07072101","15.40233112","44.11808245","50.10862385","506.9858888","10.11773722"
"MGL9","A","MGL9A","gACEPSEgFAGSYL","0.803088824","0.990550309","43.09697342","0.040014103","19.3094522","18.07543814","14.62899961","47.98611006","43.50811161","1077.044597","24.75502974"
"MGL9","C","MGL9C","gACEPSEgFAGSYL","0.803088824","0.990550309","43.09697342","0.040014103","19.3094522","18.07543814","14.62899961","47.98611006","43.50811161","1077.044597","24.75502974"
"MGL9","D","MGL9D","gACEPSEgFAGSYL","0.803088824","0.990550309","43.09697342","0.040014103","19.3094522","18.07543814","14.62899961","47.98611006","43.50811161","1077.044597","24.75502974"
"MGL9","F","MGL9F","gACEPSEgFAGSYL","0.803088824","0.990550309","43.09697342","0.040014103","19.3094522","18.07543814","14.62899961","47.98611006","43.50811161","1077.044597","24.75502974"
"MIL1","A","MIL1A","iCASSAT","0.373260885","0.644067128","48.17313639","0.030469151","13.89545375","16.66827191","18.83237342","50.60390091","74.79521041","1581.046216","21.13833503"
"MIL1","C","MIL1C","iCASSAT","0.373260885","0.644067128","48.17313639","0.030469151","13.89545375","16.66827191","18.83237342","50.60390091","74.79521041","1581.046216","21.13833503"
"MIL1","D","MIL1D","iCASSAT","0.373260885","0.644067128","48.17313639","0.030469151","13.89545375","16.66827191","18.83237342","50.60390091","74.79521041","1581.046216","21.13833503"
"MIL1","F","MIL1F","iCASSAT","0.373260885","0.644067128","48.17313639","0.030469151","13.89545375","16.66827191","18.83237342","50.60390091","74.79521041","1581.046216","21.13833503"
"MIL10","A","MIL10A","iQUECERiQUEPET","0.44793381","0.827884207","48.43828646","0.01494598","21.34821559","17.14536312","16.42550055","45.08092074","58.50852818","3240.890663","55.39176533"
"MIL10","C","MIL10C","iQUECERiQUEPET","0.44793381","0.827884207","48.43828646","0.01494598","21.34821559","17.14536312","16.42550055","45.08092074","58.50852818","3240.890663","55.39176533"
"MIL10","D","MIL10D","iQUECERiQUEPET","0.44793381","0.827884207","48.43828646","0.01494598","21.34821559","17.14536312","16.42550055","45.08092074","58.50852818","3240.890663","55.39176533"
"MIL10","F","MIL10F","iQUECERiQUEPET","0.44793381","0.827884207","48.43828646","0.01494598","21.34821559","17.14536312","16.42550055","45.08092074","58.50852818","3240.890663","55.39176533"
"MIL11","A","MIL11A","iQUECERiQUEILE","0.433105329","0.850227882","48.845239","0.01981706","22.15998539","18.41216862","15.8679607","43.55988529","57.449585","2464.807601","42.90383648"
"MIL11","C","MIL11C","iQUECERiQUEILE","0.433105329","0.850227882","48.845239","0.01981706","22.15998539","18.41216862","15.8679607","43.55988529","57.449585","2464.807601","42.90383648"
"MIL11","D","MIL11D","iQUECERiQUEILE","0.433105329","0.850227882","48.845239","0.01981706","22.15998539","18.41216862","15.8679607","43.55988529","57.449585","2464.807601","42.90383648"
"MIL11","F","MIL11F","iQUECERiQUEILE","0.433105329","0.850227882","48.845239","0.01981706","22.15998539","18.41216862","15.8679607","43.55988529","57.449585","2464.807601","42.90383648"
"MIL12","A","MIL12A","iOSTCARiQUECER","0.584893397","0.960724473","47.5277106","0.034585149","25.29176335","16.11194544","16.53878916","42.05750205","49.47069835","1374.223102","27.77852643"
"MIL12","C","MIL12C","iOSTCARiQUECER","0.584893397","0.960724473","47.5277106","0.034585149","25.29176335","16.11194544","16.53878916","42.05750205","49.47069835","1374.223102","27.77852643"
"MIL12","D","MIL12D","iOSTCARiQUECER","0.584893397","0.960724473","47.5277106","0.034585149","25.29176335","16.11194544","16.53878916","42.05750205","49.47069835","1374.223102","27.77852643"
"MIL12","F","MIL12F","iOSTCARiQUECER","0.584893397","0.960724473","47.5277106","0.034585149","25.29176335","16.11194544","16.53878916","42.05750205","49.47069835","1374.223102","27.77852643"
"MIL13","A","MIL13A","iQUEILEiQUEPET","0.47211809","0.760467072","47.79803403","0.017435338","20.24247935","18.802964","16.76620049","44.18835616","62.85352223","2741.445735","43.61642178"
"MIL13","C","MIL13C","iQUEILEiQUEPET","0.47211809","0.760467072","47.79803403","0.017435338","20.24247935","18.802964","16.76620049","44.18835616","62.85352223","2741.445735","43.61642178"
"MIL13","D","MIL13D","iQUEILEiQUEPET","0.47211809","0.760467072","47.79803403","0.017435338","20.24247935","18.802964","16.76620049","44.18835616","62.85352223","2741.445735","43.61642178"
"MIL13","F","MIL13F","iQUEILEiQUEPET","0.47211809","0.760467072","47.79803403","0.017435338","20.24247935","18.802964","16.76620049","44.18835616","62.85352223","2741.445735","43.61642178"
"MIL14","A","MIL14A","iOSTCARiQUEPET","0.60170537","0.870963663","46.48050563","0.032203428","23.3742573","16.50274082","17.43702895","42.68597292","53.3667564","1443.340318","27.04568191"
"MIL14","C","MIL14C","iOSTCARiQUEPET","0.60170537","0.870963663","46.48050563","0.032203428","23.3742573","16.50274082","17.43702895","42.68597292","53.3667564","1443.340318","27.04568191"
"MIL14","D","MIL14D","iOSTCARiQUEPET","0.60170537","0.870963663","46.48050563","0.032203428","23.3742573","16.50274082","17.43702895","42.68597292","53.3667564","1443.340318","27.04568191"
"MIL14","F","MIL14F","iOSTCARiQUEPET","0.60170537","0.870963663","46.48050563","0.032203428","23.3742573","16.50274082","17.43702895","42.68597292","53.3667564","1443.340318","27.04568191"
"MIL15","A","MIL15A","iOSTCARiQUEILE","0.634559408","0.893307338","46.88745817","0.037074507","24.1860271","17.76954633","16.8794891","41.16493747","52.48748797","1264.68189","24.09492127"
"MIL15","C","MIL15C","iOSTCARiQUEILE","0.634559408","0.893307338","46.88745817","0.037074507","24.1860271","17.76954633","16.8794891","41.16493747","52.48748797","1264.68189","24.09492127"
"MIL15","D","MIL15D","iOSTCARiQUEILE","0.634559408","0.893307338","46.88745817","0.037074507","24.1860271","17.76954633","16.8794891","41.16493747","52.48748797","1264.68189","24.09492127"
"MIL15","F","MIL15F","iOSTCARiQUEILE","0.634559408","0.893307338","46.88745817","0.037074507","24.1860271","17.76954633","16.8794891","41.16493747","52.48748797","1264.68189","24.09492127"
"MIL16","A","MIL16A","iCASSATiQUECERiQUEPET","0.412965052","0.766611848","48.34990311","0.02012037","18.86396165","16.98633272","17.2277915","46.92191413","63.06960068","2403.032466","38.10127922"
"MIL16","C","MIL16C","iCASSATiQUECERiQUEPET","0.412965052","0.766611848","48.34990311","0.02012037","18.86396165","16.98633272","17.2277915","46.92191413","63.06960068","2403.032466","38.10127922"
"MIL16","D","MIL16D","iCASSATiQUECERiQUEPET","0.412965052","0.766611848","48.34990311","0.02012037","18.86396165","16.98633272","17.2277915","46.92191413","63.06960068","2403.032466","38.10127922"
"MIL16","F","MIL16F","iCASSATiQUECERiQUEPET","0.412965052","0.766611848","48.34990311","0.02012037","18.86396165","16.98633272","17.2277915","46.92191413","63.06960068","2403.032466","38.10127922"
"MIL17","A","MIL17A","iCASSATiQUECERiQUEILE","0.474478008","0.781507631","48.6212048","0.023367757","19.40514151","17.83086972","16.85609827","45.9078905","62.21462576","2080.696286","33.44384477"
"MIL17","C","MIL17C","iCASSATiQUECERiQUEILE","0.474478008","0.781507631","48.6212048","0.023367757","19.40514151","17.83086972","16.85609827","45.9078905","62.21462576","2080.696286","33.44384477"
"MIL17","D","MIL17D","iCASSATiQUECERiQUEILE","0.474478008","0.781507631","48.6212048","0.023367757","19.40514151","17.83086972","16.85609827","45.9078905","62.21462576","2080.696286","33.44384477"
"MIL17","F","MIL17F","iCASSATiQUECERiQUEILE","0.474478008","0.781507631","48.6212048","0.023367757","19.40514151","17.83086972","16.85609827","45.9078905","62.21462576","2080.696286","33.44384477"
"MIL18","A","MIL18A","iCASSATiOSTCARiQUECER","0.45242349","0.855172025","47.74285253","0.03321315","21.49299348","16.2973876","17.30331725","44.90630167","55.82836101","1437.468381","25.74799537"
"MIL18","C","MIL18C","iCASSATiOSTCARiQUECER","0.45242349","0.855172025","47.74285253","0.03321315","21.49299348","16.2973876","17.30331725","44.90630167","55.82836101","1437.468381","25.74799537"
"MIL18","D","MIL18D","iCASSATiOSTCARiQUECER","0.45242349","0.855172025","47.74285253","0.03321315","21.49299348","16.2973876","17.30331725","44.90630167","55.82836101","1437.468381","25.74799537"
"MIL18","F","MIL18F","iCASSATiOSTCARiQUECER","0.45242349","0.855172025","47.74285253","0.03321315","21.49299348","16.2973876","17.30331725","44.90630167","55.82836101","1437.468381","25.74799537"
"MIL19","A","MIL19A","iCASSATiQUEILEiQUEPET","0.433253667","0.721667091","47.92306815","0.021779943","18.12680415","18.09139997","17.4549248","46.32687108","66.40606001","2200.330315","33.13448072"
"MIL19","C","MIL19C","iCASSATiQUEILEiQUEPET","0.433253667","0.721667091","47.92306815","0.021779943","18.12680415","18.09139997","17.4549248","46.32687108","66.40606001","2200.330315","33.13448072"
"MIL19","D","MIL19D","iCASSATiQUEILEiQUEPET","0.433253667","0.721667091","47.92306815","0.021779943","18.12680415","18.09139997","17.4549248","46.32687108","66.40606001","2200.330315","33.13448072"
"MIL19","F","MIL19F","iCASSATiQUEILEiQUEPET","0.433253667","0.721667091","47.92306815","0.021779943","18.12680415","18.09139997","17.4549248","46.32687108","66.40606001","2200.330315","33.13448072"
"MIL2","A","MIL2A","iQUECER","0.55359889","0.917645017","49.48549143","0.017327701","23.26572163","16.75456774","15.52726076","44.45244987","53.92661705","2855.860188","52.95826707"
"MIL2","C","MIL2C","iQUECER","0.55359889","0.917645017","49.48549143","0.017327701","23.26572163","16.75456774","15.52726076","44.45244987","53.92661705","2855.860188","52.95826707"
"MIL2","D","MIL2D","iQUECER","0.55359889","0.917645017","49.48549143","0.017327701","23.26572163","16.75456774","15.52726076","44.45244987","53.92661705","2855.860188","52.95826707"
"MIL2","F","MIL2F","iQUECER","0.55359889","0.917645017","49.48549143","0.017327701","23.26572163","16.75456774","15.52726076","44.45244987","53.92661705","2855.860188","52.95826707"
"MIL20","A","MIL20A","iCASSATiOSTCARiQUEPET","0.619725933","0.795331485","47.04471588","0.031625336","20.21465612","16.55791785","17.90214377","45.32528225","59.1510795","1487.564163","25.14855479"
"MIL20","C","MIL20C","iCASSATiOSTCARiQUEPET","0.619725933","0.795331485","47.04471588","0.031625336","20.21465612","16.55791785","17.90214377","45.32528225","59.1510795","1487.564163","25.14855479"
"MIL20","D","MIL20D","iCASSATiOSTCARiQUEPET","0.619725933","0.795331485","47.04471588","0.031625336","20.21465612","16.55791785","17.90214377","45.32528225","59.1510795","1487.564163","25.14855479"
"MIL20","F","MIL20F","iCASSATiOSTCARiQUEPET","0.619725933","0.795331485","47.04471588","0.031625336","20.21465612","16.55791785","17.90214377","45.32528225","59.1510795","1487.564163","25.14855479"
"MIL21","A","MIL21A","iCASSATiOSTCARiQUEILE","0.627739063","0.810227268","47.31601757","0.034872722","20.75583598","17.40245486","17.53045054","44.31125862","58.39845118","1356.82031","23.23384067"
"MIL21","C","MIL21C","iCASSATiOSTCARiQUEILE","0.627739063","0.810227268","47.31601757","0.034872722","20.75583598","17.40245486","17.53045054","44.31125862","58.39845118","1356.82031","23.23384067"
"MIL21","D","MIL21D","iCASSATiOSTCARiQUEILE","0.627739063","0.810227268","47.31601757","0.034872722","20.75583598","17.40245486","17.53045054","44.31125862","58.39845118","1356.82031","23.23384067"
"MIL21","F","MIL21F","iCASSATiOSTCARiQUEILE","0.627739063","0.810227268","47.31601757","0.034872722","20.75583598","17.40245486","17.53045054","44.31125862","58.39845118","1356.82031","23.23384067"
"MIL22","A","MIL22A","iQUECERiQUEILEiQUEPET","0.444938439","0.812859721","48.36051983","0.017399459","21.25022678","18.12016525","16.35322058","44.2763874","59.4942997","2779.426598","46.71752777"
"MIL22","C","MIL22C","iQUECERiQUEILEiQUEPET","0.444938439","0.812859721","48.36051983","0.017399459","21.25022678","18.12016525","16.35322058","44.2763874","59.4942997","2779.426598","46.71752777"
"MIL22","D","MIL22D","iQUECERiQUEILEiQUEPET","0.444938439","0.812859721","48.36051983","0.017399459","21.25022678","18.12016525","16.35322058","44.2763874","59.4942997","2779.426598","46.71752777"
"MIL22","F","MIL22F","iQUECERiQUEILEiQUEPET","0.444938439","0.812859721","48.36051983","0.017399459","21.25022678","18.12016525","16.35322058","44.2763874","59.4942997","2779.426598","46.71752777"
"MIL23","A","MIL23A","iOSTCARiQUECERiQUEPET","0.453188836","0.886524114","47.48216756","0.027244852","23.33807875","16.58668313","16.80043955","43.27479857","53.55992781","1742.794099","32.53914205"
"MIL23","C","MIL23C","iOSTCARiQUECERiQUEPET","0.453188836","0.886524114","47.48216756","0.027244852","23.33807875","16.58668313","16.80043955","43.27479857","53.55992781","1742.794099","32.53914205"
"MIL23","D","MIL23D","iOSTCARiQUECERiQUEPET","0.453188836","0.886524114","47.48216756","0.027244852","23.33807875","16.58668313","16.80043955","43.27479857","53.55992781","1742.794099","32.53914205"
"MIL23","F","MIL23F","iOSTCARiQUECERiQUEPET","0.453188836","0.886524114","47.48216756","0.027244852","23.33807875","16.58668313","16.80043955","43.27479857","53.55992781","1742.794099","32.53914205"
"MIL24","A","MIL24A","iOSTCARiQUECERiQUEILE","0.576391848","0.901419898","47.75346926","0.030492239","23.87925861","17.43122013","16.42874632","42.26077494","52.9758322","1566.08604","29.56227349"
"MIL24","C","MIL24C","iOSTCARiQUECERiQUEILE","0.576391848","0.901419898","47.75346926","0.030492239","23.87925861","17.43122013","16.42874632","42.26077494","52.9758322","1566.08604","29.56227349"
"MIL24","D","MIL24D","iOSTCARiQUECERiQUEILE","0.576391848","0.901419898","47.75346926","0.030492239","23.87925861","17.43122013","16.42874632","42.26077494","52.9758322","1566.08604","29.56227349"
"MIL24","F","MIL24F","iOSTCARiQUECERiQUEILE","0.576391848","0.901419898","47.75346926","0.030492239","23.87925861","17.43122013","16.42874632","42.26077494","52.9758322","1566.08604","29.56227349"
"MIL25","A","MIL25A","iOSTCARiQUEILEiQUEPET","0.577483906","0.841579358","47.05533261","0.028904425","22.60092125","17.69175039","17.02757285","42.67975552","55.91312593","1627.962964","29.11593543"
"MIL25","C","MIL25C","iOSTCARiQUEILEiQUEPET","0.577483906","0.841579358","47.05533261","0.028904425","22.60092125","17.69175039","17.02757285","42.67975552","55.91312593","1627.962964","29.11593543"
"MIL25","D","MIL25D","iOSTCARiQUEILEiQUEPET","0.577483906","0.841579358","47.05533261","0.028904425","22.60092125","17.69175039","17.02757285","42.67975552","55.91312593","1627.962964","29.11593543"
"MIL25","F","MIL25F","iOSTCARiQUEILEiQUEPET","0.577483906","0.841579358","47.05533261","0.028904425","22.60092125","17.69175039","17.02757285","42.67975552","55.91312593","1627.962964","29.11593543"
"MIL26","A","MIL26A","iOSTCARiQUECERiQUEILEiQUEPET","0.563231826","0.860595773","47.66287231","0.026010244","22.76712135","17.45745472","16.65249483","43.12292911","55.38357709","1832.465431","33.08680167"
"MIL26","C","MIL26C","iOSTCARiQUECERiQUEILEiQUEPET","0.563231826","0.860595773","47.66287231","0.026010244","22.76712135","17.45745472","16.65249483","43.12292911","55.38357709","1832.465431","33.08680167"
"MIL26","D","MIL26D","iOSTCARiQUECERiQUEILEiQUEPET","0.563231826","0.860595773","47.66287231","0.026010244","22.76712135","17.45745472","16.65249483","43.12292911","55.38357709","1832.465431","33.08680167"
"MIL26","F","MIL26F","iOSTCARiQUECERiQUEILEiQUEPET","0.563231826","0.860595773","47.66287231","0.026010244","22.76712135","17.45745472","16.65249483","43.12292911","55.38357709","1832.465431","33.08680167"
"MIL27","A","MIL27A","iCASSATiOSTCARiQUEILEiQUEPET","0.600528653","0.7922013","47.33478355","0.029295606","20.42455438","17.43588077","17.47877299","44.66079187","59.75095412","1615.76392","27.04164217"
"MIL27","C","MIL27C","iCASSATiOSTCARiQUEILEiQUEPET","0.600528653","0.7922013","47.33478355","0.029295606","20.42455438","17.43588077","17.47877299","44.66079187","59.75095412","1615.76392","27.04164217"
"MIL27","D","MIL27D","iCASSATiOSTCARiQUEILEiQUEPET","0.600528653","0.7922013","47.33478355","0.029295606","20.42455438","17.43588077","17.47877299","44.66079187","59.75095412","1615.76392","27.04164217"
"MIL27","F","MIL27F","iCASSATiOSTCARiQUEILEiQUEPET","0.600528653","0.7922013","47.33478355","0.029295606","20.42455438","17.43588077","17.47877299","44.66079187","59.75095412","1615.76392","27.04164217"
"MIL28","A","MIL28A","iCASSATiOSTCARiQUECERiQUEILE","0.61343653","0.837081706","47.85838604","0.030486467","21.3833074","17.24048308","17.0296531","44.34655643","57.17289689","1569.82396","27.45748502"
"MIL28","C","MIL28C","iCASSATiOSTCARiQUECERiQUEILE","0.61343653","0.837081706","47.85838604","0.030486467","21.3833074","17.24048308","17.0296531","44.34655643","57.17289689","1569.82396","27.45748502"
"MIL28","D","MIL28D","iCASSATiOSTCARiQUECERiQUEILE","0.61343653","0.837081706","47.85838604","0.030486467","21.3833074","17.24048308","17.0296531","44.34655643","57.17289689","1569.82396","27.45748502"
"MIL28","F","MIL28F","iCASSATiOSTCARiQUECERiQUEILE","0.61343653","0.837081706","47.85838604","0.030486467","21.3833074","17.24048308","17.0296531","44.34655643","57.17289689","1569.82396","27.45748502"
"MIL29","A","MIL29A","iCASSATiOSTCARiQUECERiQUEPET","0.573230762","0.825909868","47.65490977","0.028050927","20.9774225","16.60708032","17.30842302","45.10707416","57.6998915","1698.871123","29.44322908"
"MIL29","C","MIL29C","iCASSATiOSTCARiQUECERiQUEPET","0.573230762","0.825909868","47.65490977","0.028050927","20.9774225","16.60708032","17.30842302","45.10707416","57.6998915","1698.871123","29.44322908"
"MIL29","D","MIL29D","iCASSATiOSTCARiQUECERiQUEPET","0.573230762","0.825909868","47.65490977","0.028050927","20.9774225","16.60708032","17.30842302","45.10707416","57.6998915","1698.871123","29.44322908"
"MIL29","F","MIL29F","iCASSATiOSTCARiQUECERiQUEPET","0.573230762","0.825909868","47.65490977","0.028050927","20.9774225","16.60708032","17.30842302","45.10707416","57.6998915","1698.871123","29.44322908"
"MIL3","A","MIL3A","iQUEPET","0.457320403","0.738123397","47.39108149","0.012564259","19.43070955","17.5361585","17.32374033","45.70939161","64.20482223","3771.896362","58.74786707"
"MIL3","C","MIL3C","iQUEPET","0.457320403","0.738123397","47.39108149","0.012564259","19.43070955","17.5361585","17.32374033","45.70939161","64.20482223","3771.896362","58.74786707"
"MIL3","D","MIL3D","iQUEPET","0.457320403","0.738123397","47.39108149","0.012564259","19.43070955","17.5361585","17.32374033","45.70939161","64.20482223","3771.896362","58.74786707"
"MIL3","F","MIL3F","iQUEPET","0.457320403","0.738123397","47.39108149","0.012564259","19.43070955","17.5361585","17.32374033","45.70939161","64.20482223","3771.896362","58.74786707"
"MIL30","A","MIL30A","iCASSATiQUECERiQUEILEiQUEPET","0.434567482","0.770661573","48.31367397","0.020666882","19.41153352","17.75719191","16.97300879","45.85826578","62.69116781","2337.73403","37.28968708"
"MIL30","C","MIL30C","iCASSATiQUECERiQUEILEiQUEPET","0.434567482","0.770661573","48.31367397","0.020666882","19.41153352","17.75719191","16.97300879","45.85826578","62.69116781","2337.73403","37.28968708"
"MIL30","D","MIL30D","iCASSATiQUECERiQUEILEiQUEPET","0.434567482","0.770661573","48.31367397","0.020666882","19.41153352","17.75719191","16.97300879","45.85826578","62.69116781","2337.73403","37.28968708"
"MIL30","F","MIL30F","iCASSATiQUECERiQUEILEiQUEPET","0.434567482","0.770661573","48.31367397","0.020666882","19.41153352","17.75719191","16.97300879","45.85826578","62.69116781","2337.73403","37.28968708"
"MIL31","A","MIL31A","iCASSATiOSTCARiQUECERiQUEILEiQUEPET","0.483194586","0.817290044","47.76492513","0.026902025","20.99278783","17.29961816","17.08847054","44.61912347","58.44305273","1775.514104","30.38024233"
"MIL31","C","MIL31C","iCASSATiOSTCARiQUECERiQUEILEiQUEPET","0.483194586","0.817290044","47.76492513","0.026902025","20.99278783","17.29961816","17.08847054","44.61912347","58.44305273","1775.514104","30.38024233"
"MIL31","D","MIL31D","iCASSATiOSTCARiQUECERiQUEILEiQUEPET","0.483194586","0.817290044","47.76492513","0.026902025","20.99278783","17.29961816","17.08847054","44.61912347","58.44305273","1775.514104","30.38024233"
"MIL31","F","MIL31F","iCASSATiOSTCARiQUECERiQUEILEiQUEPET","0.483194586","0.817290044","47.76492513","0.026902025","20.99278783","17.29961816","17.08847054","44.61912347","58.44305273","1775.514104","30.38024233"
"MIL4","A","MIL4A","iQUEILE","0.546129384","0.782810748","48.20498657","0.022306418","21.05424914","20.06976951","16.20866064","42.66732071","61.57936221","2161.036629","35.09352081"
"MIL4","C","MIL4C","iQUEILE","0.546129384","0.782810748","48.20498657","0.022306418","21.05424914","20.06976951","16.20866064","42.66732071","61.57936221","2161.036629","35.09352081"
"MIL4","D","MIL4D","iQUEILE","0.546129384","0.782810748","48.20498657","0.022306418","21.05424914","20.06976951","16.20866064","42.66732071","61.57936221","2161.036629","35.09352081"
"MIL4","F","MIL4F","iQUEILE","0.546129384","0.782810748","48.20498657","0.022306418","21.05424914","20.06976951","16.20866064","42.66732071","61.57936221","2161.036629","35.09352081"
"MIL5","A","MIL5A","iOSTCAR","0.843577014","1.003803929","45.56992976","0.051842597","27.31780506","15.46932315","17.55031756","39.66255423","45.39724189","879.0055392","19.36253179"
"MIL5","C","MIL5C","iOSTCAR","0.843577014","1.003803929","45.56992976","0.051842597","27.31780506","15.46932315","17.55031756","39.66255423","45.39724189","879.0055392","19.36253179"
"MIL5","D","MIL5D","iOSTCAR","0.843577014","1.003803929","45.56992976","0.051842597","27.31780506","15.46932315","17.55031756","39.66255423","45.39724189","879.0055392","19.36253179"
"MIL5","F","MIL5F","iOSTCAR","0.843577014","1.003803929","45.56992976","0.051842597","27.31780506","15.46932315","17.55031756","39.66255423","45.39724189","879.0055392","19.36253179"
"MIL6","A","MIL6A","iCASSATiQUECER","0.492911875","0.780856073","48.82931391","0.023898426","18.58058769","16.71141982","17.17981709","47.52817539","62.53305264","2043.202075","32.67395383"
"MIL6","C","MIL6C","iCASSATiQUECER","0.492911875","0.780856073","48.82931391","0.023898426","18.58058769","16.71141982","17.17981709","47.52817539","62.53305264","2043.202075","32.67395383"
"MIL6","D","MIL6D","iCASSATiQUECER","0.492911875","0.780856073","48.82931391","0.023898426","18.58058769","16.71141982","17.17981709","47.52817539","62.53305264","2043.202075","32.67395383"
"MIL6","F","MIL6F","iCASSATiQUECER","0.492911875","0.780856073","48.82931391","0.023898426","18.58058769","16.71141982","17.17981709","47.52817539","62.53305264","2043.202075","32.67395383"
"MIL7","A","MIL7A","iCASSATiQUEPET","0.393287481","0.691095263","47.78210894","0.021516705","16.66308165","17.10221521","18.07805688","48.15664626","69.13968525","2220.698243","32.11901001"
"MIL7","C","MIL7C","iCASSATiQUEPET","0.393287481","0.691095263","47.78210894","0.021516705","16.66308165","17.10221521","18.07805688","48.15664626","69.13968525","2220.698243","32.11901001"
"MIL7","D","MIL7D","iCASSATiQUEPET","0.393287481","0.691095263","47.78210894","0.021516705","16.66308165","17.10221521","18.07805688","48.15664626","69.13968525","2220.698243","32.11901001"
"MIL7","F","MIL7F","iCASSATiQUEPET","0.393287481","0.691095263","47.78210894","0.021516705","16.66308165","17.10221521","18.07805688","48.15664626","69.13968525","2220.698243","32.11901001"
"MIL8","A","MIL8A","iCASSATiQUEILE","0.47962672","0.713438938","48.18906148","0.026387785","17.47485145","18.36902071","17.52051703","46.63561081","67.54475949","1826.188216","27.0367121"
"MIL8","C","MIL8C","iCASSATiQUEILE","0.47962672","0.713438938","48.18906148","0.026387785","17.47485145","18.36902071","17.52051703","46.63561081","67.54475949","1826.188216","27.0367121"
"MIL8","D","MIL8D","iCASSATiQUEILE","0.47962672","0.713438938","48.18906148","0.026387785","17.47485145","18.36902071","17.52051703","46.63561081","67.54475949","1826.188216","27.0367121"
"MIL8","F","MIL8F","iCASSATiQUEILE","0.47962672","0.713438938","48.18906148","0.026387785","17.47485145","18.36902071","17.52051703","46.63561081","67.54475949","1826.188216","27.0367121"
"MIL9","A","MIL9A","iCASSATiOSTCAR","0.687415879","0.823935529","46.87153308","0.041155874","20.60662941","16.06879753","18.19134549","45.13322757","56.88737947","1138.878329","20.01987681"
"MIL9","C","MIL9C","iCASSATiOSTCAR","0.687415879","0.823935529","46.87153308","0.041155874","20.60662941","16.06879753","18.19134549","45.13322757","56.88737947","1138.878329","20.01987681"
"MIL9","D","MIL9D","iCASSATiOSTCAR","0.687415879","0.823935529","46.87153308","0.041155874","20.60662941","16.06879753","18.19134549","45.13322757","56.88737947","1138.878329","20.01987681"
"MIL9","F","MIL9F","iCASSATiOSTCAR","0.687415879","0.823935529","46.87153308","0.041155874","20.60662941","16.06879753","18.19134549","45.13322757","56.88737947","1138.878329","20.01987681"
"MPL1","A","MPL1A","pBETPEN","0.918882242","0.92162778","49.25197856","0.202283875","21.80410614","11.80036377","19.69230967","46.70322043","53.44020616","243.4795086","4.556110952"
"MPL1","C","MPL1C","pBETPEN","0.918882242","0.92162778","49.25197856","0.202283875","21.80410614","11.80036377","19.69230967","46.70322043","53.44020616","243.4795086","4.556110952"
"MPL1","D","MPL1D","pBETPEN","0.918882242","0.92162778","49.25197856","0.202283875","21.80410614","11.80036377","19.69230967","46.70322043","53.44020616","243.4795086","4.556110952"
"MPL1","F","MPL1F","pBETPEN","0.918882242","0.92162778","49.25197856","0.202283875","21.80410614","11.80036377","19.69230967","46.70322043","53.44020616","243.4795086","4.556110952"
"MPL10","A","MPL10A","pPICABIpPINSYL","0.746541985","1.168282549","48.12375323","0.090692398","18.99371566","22.88350315","17.64078437","40.48199682","41.19187887","530.6261003","12.88181347"
"MPL10","C","MPL10C","pPICABIpPINSYL","0.746541985","1.168282549","48.12375323","0.090692398","18.99371566","22.88350315","17.64078437","40.48199682","41.19187887","530.6261003","12.88181347"
"MPL10","D","MPL10D","pPICABIpPINSYL","0.746541985","1.168282549","48.12375323","0.090692398","18.99371566","22.88350315","17.64078437","40.48199682","41.19187887","530.6261003","12.88181347"
"MPL10","F","MPL10F","pPICABIpPINSYL","0.746541985","1.168282549","48.12375323","0.090692398","18.99371566","22.88350315","17.64078437","40.48199682","41.19187887","530.6261003","12.88181347"
"MPL11","A","MPL11A","pCARBETpPINSYL","0.99399739","1.382282297","46.96639379","0.13186549","12.6199109","20.3225573","18.13885089","48.91868091","33.97742552","356.1689564","10.48251747"
"MPL11","C","MPL11C","pCARBETpPINSYL","0.99399739","1.382282297","46.96639379","0.13186549","12.6199109","20.3225573","18.13885089","48.91868091","33.97742552","356.1689564","10.48251747"
"MPL11","D","MPL11D","pCARBETpPINSYL","0.99399739","1.382282297","46.96639379","0.13186549","12.6199109","20.3225573","18.13885089","48.91868091","33.97742552","356.1689564","10.48251747"
"MPL11","F","MPL11F","pCARBETpPINSYL","0.99399739","1.382282297","46.96639379","0.13186549","12.6199109","20.3225573","18.13885089","48.91868091","33.97742552","356.1689564","10.48251747"
"MPL12","A","MPL12A","pPINSYLpQUEROB","0.642231301","1.268252015","48.39731979","0.178359108","18.05274722","20.87428248","16.860988","44.2119823","38.16064884","271.3476219","7.110665833"
"MPL12","C","MPL12C","pPINSYLpQUEROB","0.642231301","1.268252015","48.39731979","0.178359108","18.05274722","20.87428248","16.860988","44.2119823","38.16064884","271.3476219","7.110665833"
"MPL12","D","MPL12D","pPINSYLpQUEROB","0.642231301","1.268252015","48.39731979","0.178359108","18.05274722","20.87428248","16.860988","44.2119823","38.16064884","271.3476219","7.110665833"
"MPL12","F","MPL12F","pPINSYLpQUEROB","0.642231301","1.268252015","48.39731979","0.178359108","18.05274722","20.87428248","16.860988","44.2119823","38.16064884","271.3476219","7.110665833"
"MPL13","A","MPL13A","pCARBETpPICABI","0.867822247","1.103104313","45.81417147","0.124543967","14.44498601","17.62359459","18.29478891","49.63663049","41.5320391","367.8554049","8.857147707"
"MPL13","C","MPL13C","pCARBETpPICABI","0.867822247","1.103104313","45.81417147","0.124543967","14.44498601","17.62359459","18.29478891","49.63663049","41.5320391","367.8554049","8.857147707"
"MPL13","D","MPL13D","pCARBETpPICABI","0.867822247","1.103104313","45.81417147","0.124543967","14.44498601","17.62359459","18.29478891","49.63663049","41.5320391","367.8554049","8.857147707"
"MPL13","F","MPL13F","pCARBETpPICABI","0.867822247","1.103104313","45.81417147","0.124543967","14.44498601","17.62359459","18.29478891","49.63663049","41.5320391","367.8554049","8.857147707"
"MPL14","A","MPL14A","pPICABIpQUEROB","0.582663984","0.989074032","47.24509748","0.171037586","19.87782232","18.17531978","17.01692603","44.92993187","47.7669982","276.2264055","5.782787613"
"MPL14","C","MPL14C","pPICABIpQUEROB","0.582663984","0.989074032","47.24509748","0.171037586","19.87782232","18.17531978","17.01692603","44.92993187","47.7669982","276.2264055","5.782787613"
"MPL14","D","MPL14D","pPICABIpQUEROB","0.582663984","0.989074032","47.24509748","0.171037586","19.87782232","18.17531978","17.01692603","44.92993187","47.7669982","276.2264055","5.782787613"
"MPL14","F","MPL14F","pPICABIpQUEROB","0.582663984","0.989074032","47.24509748","0.171037586","19.87782232","18.17531978","17.01692603","44.92993187","47.7669982","276.2264055","5.782787613"
"MPL15","A","MPL15A","pCARBETpQUEROB","0.76806445","1.20307378","46.08773804","0.212210678","13.50401757","15.61437393","17.51499255","53.36661596","38.30832224","217.1791663","5.66924244"
"MPL15","C","MPL15C","pCARBETpQUEROB","0.76806445","1.20307378","46.08773804","0.212210678","13.50401757","15.61437393","17.51499255","53.36661596","38.30832224","217.1791663","5.66924244"
"MPL15","D","MPL15D","pCARBETpQUEROB","0.76806445","1.20307378","46.08773804","0.212210678","13.50401757","15.61437393","17.51499255","53.36661596","38.30832224","217.1791663","5.66924244"
"MPL15","F","MPL15F","pCARBETpQUEROB","0.76806445","1.20307378","46.08773804","0.212210678","13.50401757","15.61437393","17.51499255","53.36661596","38.30832224","217.1791663","5.66924244"
"MPL16","A","MPL16A","pBETPENpPICABIpPINSYL","0.799911777","1.086064292","48.49982834","0.127889557","19.93051249","19.18912336","18.32462613","42.55573802","44.65649841","379.2321246","8.492204676"
"MPL16","C","MPL16C","pBETPENpPICABIpPINSYL","0.799911777","1.086064292","48.49982834","0.127889557","19.93051249","19.18912336","18.32462613","42.55573802","44.65649841","379.2321246","8.492204676"
"MPL16","D","MPL16D","pBETPENpPICABIpPINSYL","0.799911777","1.086064292","48.49982834","0.127889557","19.93051249","19.18912336","18.32462613","42.55573802","44.65649841","379.2321246","8.492204676"
"MPL16","F","MPL16F","pBETPENpPICABIpPINSYL","0.799911777","1.086064292","48.49982834","0.127889557","19.93051249","19.18912336","18.32462613","42.55573802","44.65649841","379.2321246","8.492204676"
"MPL17","A","MPL17A","pBETPENpCARBETpPINSYL","1.140109936","1.228730791","47.72825538","0.155338285","15.68130931","17.48182612","18.65667048","48.18019408","38.84354142","307.2536525","7.910031921"
"MPL18","A","MPL18A","pBETPENpPINSYLpQUEROB","0.708190139","1.152710603","48.68220605","0.18633403","19.30320019","17.84964291","17.80476189","45.04239501","42.2328084","261.263098","6.186259164"
"MPL18","C","MPL17C","pBETPENpCARBETpPINSYL","1.140109936","1.228730791","47.72825538","0.155338285","15.68130931","17.48182612","18.65667048","48.18019408","38.84354142","307.2536525","7.910031921"
"MPL18","C","MPL18C","pBETPENpPINSYLpQUEROB","0.708190139","1.152710603","48.68220605","0.18633403","19.30320019","17.84964291","17.80476189","45.04239501","42.2328084","261.263098","6.186259164"
"MPL18","D","MPL18D","pBETPENpPINSYLpQUEROB","0.708190139","1.152710603","48.68220605","0.18633403","19.30320019","17.84964291","17.80476189","45.04239501","42.2328084","261.263098","6.186259164"
"MPL18","F","MPL18F","pBETPENpPINSYLpQUEROB","0.708190139","1.152710603","48.68220605","0.18633403","19.30320019","17.84964291","17.80476189","45.04239501","42.2328084","261.263098","6.186259164"
"MPL19","A","MPL19A","pBETPENpCARBETpPICABI","0.904564767","1.042612135","46.96010717","0.15045727","16.89802605","15.68251765","18.76062916","48.65882713","45.04082158","312.1159064","6.92962285"
"MPL19","C","MPL19C","pBETPENpCARBETpPICABI","0.904564767","1.042612135","46.96010717","0.15045727","16.89802605","15.68251765","18.76062916","48.65882713","45.04082158","312.1159064","6.92962285"
"MPL19","D","MPL17D","pBETPENpCARBETpPINSYL","1.140109936","1.228730791","47.72825538","0.155338285","15.68130931","17.48182612","18.65667048","48.18019408","38.84354142","307.2536525","7.910031921"
"MPL19","D","MPL19D","pBETPENpCARBETpPICABI","0.904564767","1.042612135","46.96010717","0.15045727","16.89802605","15.68251765","18.76062916","48.65882713","45.04082158","312.1159064","6.92962285"
"MPL19","F","MPL19F","pBETPENpCARBETpPICABI","0.904564767","1.042612135","46.96010717","0.15045727","16.89802605","15.68251765","18.76062916","48.65882713","45.04082158","312.1159064","6.92962285"
"MPL2","A","MPL2A","pPINSYL","0.873988671","1.447460532","49.27597555","0.09801392","17.16864055","25.58246586","17.48484635","39.76404724","34.04305295","502.7446674","14.7679078"
"MPL2","C","MPL2C","pPINSYL","0.873988671","1.447460532","49.27597555","0.09801392","17.16864055","25.58246586","17.48484635","39.76404724","34.04305295","502.7446674","14.7679078"
"MPL2","D","MPL2D","pPINSYL","0.873988671","1.447460532","49.27597555","0.09801392","17.16864055","25.58246586","17.48484635","39.76404724","34.04305295","502.7446674","14.7679078"
"MPL2","F","MPL2F","pPINSYL","0.873988671","1.447460532","49.27597555","0.09801392","17.16864055","25.58246586","17.48484635","39.76404724","34.04305295","502.7446674","14.7679078"
"MPL20","A","MPL20A","pBETPENpPICABIpQUEROB","0.649654866","0.966591948","47.91405784","0.181453016","20.51991693","16.05033444","17.90872057","45.52102806","49.57009828","264.0576553","5.326954445"
"MPL20","C","MPL20C","pBETPENpPICABIpQUEROB","0.649654866","0.966591948","47.91405784","0.181453016","20.51991693","16.05033444","17.90872057","45.52102806","49.57009828","264.0576553","5.326954445"
"MPL20","D","MPL20D","pBETPENpPICABIpQUEROB","0.649654866","0.966591948","47.91405784","0.181453016","20.51991693","16.05033444","17.90872057","45.52102806","49.57009828","264.0576553","5.326954445"
"MPL20","F","MPL17F","pBETPENpCARBETpPINSYL","1.140109936","1.228730791","47.72825538","0.155338285","15.68130931","17.48182612","18.65667048","48.18019408","38.84354142","307.2536525","7.910031921"
"MPL20","F","MPL20F","pBETPENpPICABIpQUEROB","0.649654866","0.966591948","47.91405784","0.181453016","20.51991693","16.05033444","17.90872057","45.52102806","49.57009828","264.0576553","5.326954445"
"MPL21","A","MPL21A","pBETPENpCARBETpQUEROB","0.70431182","1.109258446","47.14248488","0.208901744","16.27071376","14.34303721","18.24076492","51.14548412","42.49909931","225.6682213","5.309953032"
"MPL21","C","MPL21C","pBETPENpCARBETpQUEROB","0.70431182","1.109258446","47.14248488","0.208901744","16.27071376","14.34303721","18.24076492","51.14548412","42.49909931","225.6682213","5.309953032"
"MPL21","D","MPL21D","pBETPENpCARBETpQUEROB","0.70431182","1.109258446","47.14248488","0.208901744","16.27071376","14.34303721","18.24076492","51.14548412","42.49909931","225.6682213","5.309953032"
"MPL21","F","MPL21F","pBETPENpCARBETpQUEROB","0.70431182","1.109258446","47.14248488","0.208901744","16.27071376","14.34303721","18.24076492","51.14548412","42.49909931","225.6682213","5.309953032"
"MPL22","A","MPL22A","pCARBETpPICABIpPINSYL","0.89632567","1.21788972","46.96810616","0.115700618","15.35287086","20.27655168","18.02480806","46.34576941","38.56515529","405.9451622","10.52621619"
"MPL22","C","MPL22C","pCARBETpPICABIpPINSYL","0.89632567","1.21788972","46.96810616","0.115700618","15.35287086","20.27655168","18.02480806","46.34576941","38.56515529","405.9451622","10.52621619"
"MPL22","D","MPL22D","pCARBETpPICABIpPINSYL","0.89632567","1.21788972","46.96810616","0.115700618","15.35287086","20.27655168","18.02480806","46.34576941","38.56515529","405.9451622","10.52621619"
"MPL22","F","MPL22F","pCARBETpPICABIpPINSYL","0.89632567","1.21788972","46.96810616","0.115700618","15.35287086","20.27655168","18.02480806","46.34576941","38.56515529","405.9451622","10.52621619"
"MPL23","A","MPL23A","pPICABIpPINSYLpQUEROB","0.77909649","1.141869532","47.92205683","0.146696364","18.97476173","20.64436847","17.17289947","43.20797033","41.96806684","326.6751515","7.783897997"
"MPL23","C","MPL23C","pPICABIpPINSYLpQUEROB","0.77909649","1.141869532","47.92205683","0.146696364","18.97476173","20.64436847","17.17289947","43.20797033","41.96806684","326.6751515","7.783897997"
"MPL23","D","MPL23D","pPICABIpPINSYLpQUEROB","0.77909649","1.141869532","47.92205683","0.146696364","18.97476173","20.64436847","17.17289947","43.20797033","41.96806684","326.6751515","7.783897997"
"MPL23","F","MPL23F","pPICABIpPINSYLpQUEROB","0.77909649","1.141869532","47.92205683","0.146696364","18.97476173","20.64436847","17.17289947","43.20797033","41.96806684","326.6751515","7.783897997"
"MPL24","A","MPL24A","pCARBETpPINSYLpQUEROB","0.871679793","1.284536031","47.15048387","0.174145092","14.72555856","18.93707124","17.50494381","48.83242639","36.70623692","270.7540213","7.376240226"
"MPL24","C","MPL24C","pCARBETpPINSYLpQUEROB","0.871679793","1.284536031","47.15048387","0.174145092","14.72555856","18.93707124","17.50494381","48.83242639","36.70623692","270.7540213","7.376240226"
"MPL24","D","MPL24D","pCARBETpPINSYLpQUEROB","0.871679793","1.284536031","47.15048387","0.174145092","14.72555856","18.93707124","17.50494381","48.83242639","36.70623692","270.7540213","7.376240226"
"MPL24","F","MPL24F","pCARBETpPINSYLpQUEROB","0.871679793","1.284536031","47.15048387","0.174145092","14.72555856","18.93707124","17.50494381","48.83242639","36.70623692","270.7540213","7.376240226"
"MPL25","A","MPL25A","pCARBETpPICABIpQUEROB","0.788245497","1.098417375","46.38233566","0.169264077","15.9422753","17.13776277","17.60890249","49.31105944","42.2265131","274.0235054","6.489370902"
"MPL25","C","MPL25C","pCARBETpPICABIpQUEROB","0.788245497","1.098417375","46.38233566","0.169264077","15.9422753","17.13776277","17.60890249","49.31105944","42.2265131","274.0235054","6.489370902"
"MPL25","D","MPL25D","pCARBETpPICABIpQUEROB","0.788245497","1.098417375","46.38233566","0.169264077","15.9422753","17.13776277","17.60890249","49.31105944","42.2265131","274.0235054","6.489370902"
"MPL25","F","MPL25F","pCARBETpPICABIpQUEROB","0.788245497","1.098417375","46.38233566","0.169264077","15.9422753","17.13776277","17.60890249","49.31105944","42.2265131","274.0235054","6.489370902"
"MPL26","A","MPL26A","pCARBETpPICABIpPINSYLpQUEROB","0.786634655","1.185678164","47.10574563","0.151451538","16.24886661","19.24893854","17.57788846","46.92430639","39.72894758","311.0285071","7.828762806"
"MPL26","C","MPL26C","pCARBETpPICABIpPINSYLpQUEROB","0.786634655","1.185678164","47.10574563","0.151451538","16.24886661","19.24893854","17.57788846","46.92430639","39.72894758","311.0285071","7.828762806"
"MPL26","D","MPL26D","pCARBETpPICABIpPINSYLpQUEROB","0.786634655","1.185678164","47.10574563","0.151451538","16.24886661","19.24893854","17.57788846","46.92430639","39.72894758","311.0285071","7.828762806"
"MPL26","F","MPL26F","pCARBETpPICABIpPINSYLpQUEROB","0.786634655","1.185678164","47.10574563","0.151451538","16.24886661","19.24893854","17.57788846","46.92430639","39.72894758","311.0285071","7.828762806"
"MPL27","A","MPL27A","pBETPENpCARBETpPICABIpQUEROB","0.801627618","1.054219976","47.09974639","0.177519026","17.40773301","15.80341302","18.12975429","48.65909969","44.67734197","265.3222437","5.938630902"
"MPL27","C","MPL27C","pBETPENpCARBETpPICABIpQUEROB","0.801627618","1.054219976","47.09974639","0.177519026","17.40773301","15.80341302","18.12975429","48.65909969","44.67734197","265.3222437","5.938630902"
"MPL27","D","MPL27D","pBETPENpCARBETpPICABIpQUEROB","0.801627618","1.054219976","47.09974639","0.177519026","17.40773301","15.80341302","18.12975429","48.65909969","44.67734197","265.3222437","5.938630902"
"MPL27","F","MPL27F","pBETPENpCARBETpPICABIpQUEROB","0.801627618","1.054219976","47.09974639","0.177519026","17.40773301","15.80341302","18.12975429","48.65909969","44.67734197","265.3222437","5.938630902"
"MPL28","A","MPL28A","pBETPENpCARBETpPINSYLpQUEROB","0.866877947","1.193808968","47.67585754","0.181179788","16.49519546","17.15289437","18.05178528","48.3001249","39.93591842","263.1411493","6.589084708"
"MPL28","C","MPL28C","pBETPENpCARBETpPINSYLpQUEROB","0.866877947","1.193808968","47.67585754","0.181179788","16.49519546","17.15289437","18.05178528","48.3001249","39.93591842","263.1411493","6.589084708"
"MPL28","D","MPL28D","pBETPENpCARBETpPINSYLpQUEROB","0.866877947","1.193808968","47.67585754","0.181179788","16.49519546","17.15289437","18.05178528","48.3001249","39.93591842","263.1411493","6.589084708"
"MPL28","F","MPL28F","pBETPENpCARBETpPINSYLpQUEROB","0.866877947","1.193808968","47.67585754","0.181179788","16.49519546","17.15289437","18.05178528","48.3001249","39.93591842","263.1411493","6.589084708"
"MPL29","A","MPL29A","pBETPENpPICABIpPINSYLpQUEROB","0.744284123","1.086809094","48.25453726","0.160593242","19.68209783","18.43336729","17.80275202","44.08178286","44.40019645","300.4767621","6.7674647"
"MPL29","C","MPL29C","pBETPENpPICABIpPINSYLpQUEROB","0.744284123","1.086809094","48.25453726","0.160593242","19.68209783","18.43336729","17.80275202","44.08178286","44.40019645","300.4767621","6.7674647"
"MPL29","D","MPL29D","pBETPENpPICABIpPINSYLpQUEROB","0.744284123","1.086809094","48.25453726","0.160593242","19.68209783","18.43336729","17.80275202","44.08178286","44.40019645","300.4767621","6.7674647"
"MPL29","F","MPL29F","pBETPENpPICABIpPINSYLpQUEROB","0.744284123","1.086809094","48.25453726","0.160593242","19.68209783","18.43336729","17.80275202","44.08178286","44.40019645","300.4767621","6.7674647"
"MPL3","A","MPL3A","pPICABI","0.590819518","0.889104565","46.97153091","0.083370875","20.81879077","20.18454044","17.79672239","41.1999464","52.8301538","563.4045559","10.66445042"
"MPL3","C","MPL3C","pPICABI","0.590819518","0.889104565","46.97153091","0.083370875","20.81879077","20.18454044","17.79672239","41.1999464","52.8301538","563.4045559","10.66445042"
"MPL3","D","MPL3D","pPICABI","0.590819518","0.889104565","46.97153091","0.083370875","20.81879077","20.18454044","17.79672239","41.1999464","52.8301538","563.4045559","10.66445042"
"MPL3","F","MPL3F","pPICABI","0.590819518","0.889104565","46.97153091","0.083370875","20.81879077","20.18454044","17.79672239","41.1999464","52.8301538","563.4045559","10.66445042"
"MPL30","A","MPL30A","pBETPENpCARBETpPICABIpPINSYL","0.903391375","1.143824235","47.53907426","0.137346432","16.96567968","18.1575047","18.44168346","46.43513216","41.5615204","346.1252938","8.328022903"
"MPL30","C","MPL30C","pBETPENpCARBETpPICABIpPINSYL","0.903391375","1.143824235","47.53907426","0.137346432","16.96567968","18.1575047","18.44168346","46.43513216","41.5615204","346.1252938","8.328022903"
"MPL30","D","MPL30D","pBETPENpCARBETpPICABIpPINSYL","0.903391375","1.143824235","47.53907426","0.137346432","16.96567968","18.1575047","18.44168346","46.43513216","41.5615204","346.1252938","8.328022903"
"MPL30","F","MPL30F","pBETPENpCARBETpPICABIpPINSYL","0.903391375","1.143824235","47.53907426","0.137346432","16.96567968","18.1575047","18.44168346","46.43513216","41.5615204","346.1252938","8.328022903"
"MPL31","A","MPL31A","pBETPENpCARBETpPICABIpPINSYLpQUEROB","0.780577901","1.132868087","47.53499222","0.161618005","17.35991452","17.75922358","18.0007727","46.8800892","41.95986519","294.1194094","7.009541334"
"MPL31","C","MPL31C","pBETPENpCARBETpPICABIpPINSYLpQUEROB","0.780577901","1.132868087","47.53499222","0.161618005","17.35991452","17.75922358","18.0007727","46.8800892","41.95986519","294.1194094","7.009541334"
"MPL31","D","MPL31D","pBETPENpCARBETpPICABIpPINSYLpQUEROB","0.780577901","1.132868087","47.53499222","0.161618005","17.35991452","17.75922358","18.0007727","46.8800892","41.95986519","294.1194094","7.009541334"
"MPL31","F","MPL31F","pBETPENpCARBETpPICABIpPINSYLpQUEROB","0.780577901","1.132868087","47.53499222","0.161618005","17.35991452","17.75922358","18.0007727","46.8800892","41.95986519","294.1194094","7.009541334"
"MPL4","A","MPL4A","pCARBET","1.037527205","1.317104061","44.65681203","0.165717059","8.071181254","15.06264875","18.79285543","58.07331457","33.90530281","269.4762523","7.947908732"
"MPL4","C","MPL4C","pCARBET","1.037527205","1.317104061","44.65681203","0.165717059","8.071181254","15.06264875","18.79285543","58.07331457","33.90530281","269.4762523","7.947908732"
"MPL4","D","MPL4D","pCARBET","1.037527205","1.317104061","44.65681203","0.165717059","8.071181254","15.06264875","18.79285543","58.07331457","33.90530281","269.4762523","7.947908732"
"MPL4","F","MPL4F","pCARBET","1.037527205","1.317104061","44.65681203","0.165717059","8.071181254","15.06264875","18.79285543","58.07331457","33.90530281","269.4762523","7.947908732"
"MPL5","A","MPL5A","pQUEROB","0.545288657","1.089043498","47.51866404","0.258704296","18.93685388","16.16609911","16.23712966","48.65991735","43.63339401","183.6794547","4.209607318"
"MPL5","C","MPL5C","pQUEROB","0.545288657","1.089043498","47.51866404","0.258704296","18.93685388","16.16609911","16.23712966","48.65991735","43.63339401","183.6794547","4.209607318"
"MPL5","D","MPL5D","pQUEROB","0.545288657","1.089043498","47.51866404","0.258704296","18.93685388","16.16609911","16.23712966","48.65991735","43.63339401","183.6794547","4.209607318"
"MPL5","F","MPL5F","pQUEROB","0.545288657","1.089043498","47.51866404","0.258704296","18.93685388","16.16609911","16.23712966","48.65991735","43.63339401","183.6794547","4.209607318"
"MPL6","A","MPL6A","pBETPENpPINSYL","0.946481529","1.184544156","49.26397705","0.150148898","19.48637335","18.69141481","18.58857801","43.23363384","41.5889748","328.1008242","7.88912989"
"MPL6","C","MPL6C","pBETPENpPINSYL","0.946481529","1.184544156","49.26397705","0.150148898","19.48637335","18.69141481","18.58857801","43.23363384","41.5889748","328.1008242","7.88912989"
"MPL6","D","MPL6D","pBETPENpPINSYL","0.946481529","1.184544156","49.26397705","0.150148898","19.48637335","18.69141481","18.58857801","43.23363384","41.5889748","328.1008242","7.88912989"
"MPL6","F","MPL6F","pBETPENpPINSYL","0.946481529","1.184544156","49.26397705","0.150148898","19.48637335","18.69141481","18.58857801","43.23363384","41.5889748","328.1008242","7.88912989"
"MPL7","A","MPL7A","pBETPENpPICABI","0.764720013","0.905366172","48.11175474","0.142827375","21.31144845","15.99245211","18.74451603","43.95158342","53.14065867","336.8524741","6.33888406"
"MPL7","C","MPL7C","pBETPENpPICABI","0.764720013","0.905366172","48.11175474","0.142827375","21.31144845","15.99245211","18.74451603","43.95158342","53.14065867","336.8524741","6.33888406"
"MPL7","D","MPL7D","pBETPENpPICABI","0.764720013","0.905366172","48.11175474","0.142827375","21.31144845","15.99245211","18.74451603","43.95158342","53.14065867","336.8524741","6.33888406"
"MPL7","F","MPL7F","pBETPENpPICABI","0.764720013","0.905366172","48.11175474","0.142827375","21.31144845","15.99245211","18.74451603","43.95158342","53.14065867","336.8524741","6.33888406"
"MPL8","A","MPL8A","pBETPENpCARBET","0.986292048","1.119365921","46.95439529","0.184000467","14.93764369","13.43150626","19.24258255","52.3882675","41.94731538","255.1862829","6.08349499"
"MPL8","C","MPL8C","pBETPENpCARBET","0.986292048","1.119365921","46.95439529","0.184000467","14.93764369","13.43150626","19.24258255","52.3882675","41.94731538","255.1862829","6.08349499"
"MPL8","D","MPL8D","pBETPENpCARBET","0.986292048","1.119365921","46.95439529","0.184000467","14.93764369","13.43150626","19.24258255","52.3882675","41.94731538","255.1862829","6.08349499"
"MPL8","F","MPL8F","pBETPENpCARBET","0.986292048","1.119365921","46.95439529","0.184000467","14.93764369","13.43150626","19.24258255","52.3882675","41.94731538","255.1862829","6.08349499"
"MPL9","A","MPL9A","pBETPENpQUEROB","0.656527146","1.005335639","48.3853213","0.230494086","20.37048001","13.98323144","17.96471966","47.68156889","48.12852487","209.9200123","4.361654816"
"MPL9","C","MPL9C","pBETPENpQUEROB","0.656527146","1.005335639","48.3853213","0.230494086","20.37048001","13.98323144","17.96471966","47.68156889","48.12852487","209.9200123","4.361654816"
"MPL9","D","MPL9D","pBETPENpQUEROB","0.656527146","1.005335639","48.3853213","0.230494086","20.37048001","13.98323144","17.96471966","47.68156889","48.12852487","209.9200123","4.361654816"
"MPL9","F","MPL9F","pBETPENpQUEROB","0.656527146","1.005335639","48.3853213","0.230494086","20.37048001","13.98323144","17.96471966","47.68156889","48.12852487","209.9200123","4.361654816"
"MRL1","A","MRL1A","rPICABI","0.597670391","0.997526228","46.51823425","0.087188764","22.7059985","19.73752502","16.07827451","41.47820197","46.63359511","533.5347384","11.44099521"
"MRL1","C","MRL1C","rPICABI","0.597670391","0.997526228","46.51823425","0.087188764","22.7059985","19.73752502","16.07827451","41.47820197","46.63359511","533.5347384","11.44099521"
"MRL1","D","MRL1D","rPICABI","0.597670391","0.997526228","46.51823425","0.087188764","22.7059985","19.73752502","16.07827451","41.47820197","46.63359511","533.5347384","11.44099521"
"MRL1","F","MRL1F","rPICABI","0.597670391","0.997526228","46.51823425","0.087188764","22.7059985","19.73752502","16.07827451","41.47820197","46.63359511","533.5347384","11.44099521"
"MRL10","A","MRL10A","rACEPSErFAGSYL","0.694659556","0.945735514","45.26422564","0.048515982","21.33941591","18.51460203","17.05474124","43.09124083","47.8613999","932.9755621","19.49327776"
"MRL10","C","MRL10C","rACEPSErFAGSYL","0.694659556","0.945735514","45.26422564","0.048515982","21.33941591","18.51460203","17.05474124","43.09124083","47.8613999","932.9755621","19.49327776"
"MRL10","D","MRL10D","rACEPSErFAGSYL","0.694659556","0.945735514","45.26422564","0.048515982","21.33941591","18.51460203","17.05474124","43.09124083","47.8613999","932.9755621","19.49327776"
"MRL10","F","MRL10F","rACEPSErFAGSYL","0.694659556","0.945735514","45.26422564","0.048515982","21.33941591","18.51460203","17.05474124","43.09124083","47.8613999","932.9755621","19.49327776"
"MRL11","A","MRL11A","rABIALBrACEPSErFAGSYL","0.536865704","1.1014299","46.33534834","0.062550873","23.59157015","18.50733168","17.12863172","40.77246645","42.06835892","740.7626148","17.60854556"
"MRL11","C","MRL11C","rABIALBrACEPSErFAGSYL","0.536865704","1.1014299","46.33534834","0.062550873","23.59157015","18.50733168","17.12863172","40.77246645","42.06835892","740.7626148","17.60854556"
"MRL11","D","MRL11D","rABIALBrACEPSErFAGSYL","0.536865704","1.1014299","46.33534834","0.062550873","23.59157015","18.50733168","17.12863172","40.77246645","42.06835892","740.7626148","17.60854556"
"MRL11","F","MRL11F","rABIALBrACEPSErFAGSYL","0.536865704","1.1014299","46.33534834","0.062550873","23.59157015","18.50733168","17.12863172","40.77246645","42.06835892","740.7626148","17.60854556"
"MRL12","A","MRL12A","rACEPSErFAGSYLrPICABI","0.648833851","0.962999086","45.68222851","0.061406909","21.79494344","18.92224302","16.72925233","42.55356121","47.43745783","743.9265229","15.68225948"
"MRL12","C","MRL12C","rACEPSErFAGSYLrPICABI","0.648833851","0.962999086","45.68222851","0.061406909","21.79494344","18.92224302","16.72925233","42.55356121","47.43745783","743.9265229","15.68225948"
"MRL12","D","MRL12D","rACEPSErFAGSYLrPICABI","0.648833851","0.962999086","45.68222851","0.061406909","21.79494344","18.92224302","16.72925233","42.55356121","47.43745783","743.9265229","15.68225948"
"MRL12","F","MRL12F","rACEPSErFAGSYLrPICABI","0.648833851","0.962999086","45.68222851","0.061406909","21.79494344","18.92224302","16.72925233","42.55356121","47.43745783","743.9265229","15.68225948"
"MRL13","A","MRL13A","rABIALBrACEPSErPICABI","0.540344218","1.16427911","46.48248884","0.076732287","22.5971361","18.65898066","16.42322038","42.32066286","39.92383652","605.7748418","15.17326226"
"MRL13","C","MRL13C","rABIALBrACEPSErPICABI","0.540344218","1.16427911","46.48248884","0.076732287","22.5971361","18.65898066","16.42322038","42.32066286","39.92383652","605.7748418","15.17326226"
"MRL13","D","MRL13D","rABIALBrACEPSErPICABI","0.540344218","1.16427911","46.48248884","0.076732287","22.5971361","18.65898066","16.42322038","42.32066286","39.92383652","605.7748418","15.17326226"
"MRL13","F","MRL13F","rABIALBrACEPSErPICABI","0.540344218","1.16427911","46.48248884","0.076732287","22.5971361","18.65898066","16.42322038","42.32066286","39.92383652","605.7748418","15.17326226"
"MRL14","A","MRL14A","rABIALBrFAGSYLrPICABI","0.382894277","1.073107832","47.02421358","0.074151314","25.49705925","19.1709647","17.18306524","38.14891081","43.82058557","634.1656141","14.47186535"
"MRL14","C","MRL14C","rABIALBrFAGSYLrPICABI","0.382894277","1.073107832","47.02421358","0.074151314","25.49705925","19.1709647","17.18306524","38.14891081","43.82058557","634.1656141","14.47186535"
"MRL14","D","MRL14D","rABIALBrFAGSYLrPICABI","0.382894277","1.073107832","47.02421358","0.074151314","25.49705925","19.1709647","17.18306524","38.14891081","43.82058557","634.1656141","14.47186535"
"MRL14","F","MRL14F","rABIALBrFAGSYLrPICABI","0.382894277","1.073107832","47.02421358","0.074151314","25.49705925","19.1709647","17.18306524","38.14891081","43.82058557","634.1656141","14.47186535"
"MRL15","A","MRL15A","rABIALBrACEPSErFAGSYLrPICABI","0.505226822","1.075453982","46.38106982","0.068710346","23.37017723","18.81488001","16.86604242","40.94890033","43.12696834","675.0230885","15.6519949"
"MRL15","C","MRL15C","rABIALBrACEPSErFAGSYLrPICABI","0.505226822","1.075453982","46.38106982","0.068710346","23.37017723","18.81488001","16.86604242","40.94890033","43.12696834","675.0230885","15.6519949"
"MRL15","D","MRL15D","rABIALBrACEPSErFAGSYLrPICABI","0.505226822","1.075453982","46.38106982","0.068710346","23.37017723","18.81488001","16.86604242","40.94890033","43.12696834","675.0230885","15.6519949"
"MRL15","F","MRL15F","rABIALBrACEPSErFAGSYLrPICABI","0.505226822","1.075453982","46.38106982","0.068710346","23.37017723","18.81488001","16.86604242","40.94890033","43.12696834","675.0230885","15.6519949"
"MRL2","A","MRL2A","rABIALB","0.465807979","1.41281867","48.47759374","0.090620655","28.09587861","18.49279099","17.27641269","36.13491771","34.31267916","534.9508189","15.5904707"
"MRL2","C","MRL2C","rABIALB","0.465807979","1.41281867","48.47759374","0.090620655","28.09587861","18.49279099","17.27641269","36.13491771","34.31267916","534.9508189","15.5904707"
"MRL2","D","MRL2D","rABIALB","0.465807979","1.41281867","48.47759374","0.090620655","28.09587861","18.49279099","17.27641269","36.13491771","34.31267916","534.9508189","15.5904707"
"MRL2","F","MRL2F","rABIALB","0.465807979","1.41281867","48.47759374","0.090620655","28.09587861","18.49279099","17.27641269","36.13491771","34.31267916","534.9508189","15.5904707"
"MRL3","A","MRL3A","rFAGSYL","0.44094677","0.808978597","46.07681274","0.044644523","25.68930063","19.28257808","18.19450853","36.83361276","56.95677598","1032.082093","18.12044441"
"MRL3","C","MRL3C","rFAGSYL","0.44094677","0.808978597","46.07681274","0.044644523","25.68930063","19.28257808","18.19450853","36.83361276","56.95677598","1032.082093","18.12044441"
"MRL3","D","MRL3D","rFAGSYL","0.44094677","0.808978597","46.07681274","0.044644523","25.68930063","19.28257808","18.19450853","36.83361276","56.95677598","1032.082093","18.12044441"
"MRL3","F","MRL3F","rFAGSYL","0.44094677","0.808978597","46.07681274","0.044644523","25.68930063","19.28257808","18.19450853","36.83361276","56.95677598","1032.082093","18.12044441"
"MRL4","A","MRL4A","rACEPSE","0.805418419","1.082492431","44.45163854","0.052387441","16.98953119","17.74662597","15.91497395","49.34886889","41.06415645","848.5170792","20.66320491"
"MRL4","C","MRL4C","rACEPSE","0.805418419","1.082492431","44.45163854","0.052387441","16.98953119","17.74662597","15.91497395","49.34886889","41.06415645","848.5170792","20.66320491"
"MRL4","D","MRL4D","rACEPSE","0.805418419","1.082492431","44.45163854","0.052387441","16.98953119","17.74662597","15.91497395","49.34886889","41.06415645","848.5170792","20.66320491"
"MRL4","F","MRL4F","rACEPSE","0.805418419","1.082492431","44.45163854","0.052387441","16.98953119","17.74662597","15.91497395","49.34886889","41.06415645","848.5170792","20.66320491"
"MRL5","A","MRL5A","rABIALBrPICABI","0.586253886","1.205172449","47.497914","0.088904709","25.40093856","19.115158","16.6773436","38.80655984","39.41171574","534.2564445","13.55577737"
"MRL5","C","MRL5C","rABIALBrPICABI","0.586253886","1.205172449","47.497914","0.088904709","25.40093856","19.115158","16.6773436","38.80655984","39.41171574","534.2564445","13.55577737"
"MRL5","D","MRL5D","rABIALBrPICABI","0.586253886","1.205172449","47.497914","0.088904709","25.40093856","19.115158","16.6773436","38.80655984","39.41171574","534.2564445","13.55577737"
"MRL5","F","MRL5F","rABIALBrPICABI","0.586253886","1.205172449","47.497914","0.088904709","25.40093856","19.115158","16.6773436","38.80655984","39.41171574","534.2564445","13.55577737"
"MRL6","A","MRL6A","rFAGSYLrPICABI","0.523509493","0.903252413","46.2975235","0.065916643","24.19764957","19.51005155","17.13639152","39.15590736","51.25646258","702.3647008","13.70294916"
"MRL6","C","MRL6C","rFAGSYLrPICABI","0.523509493","0.903252413","46.2975235","0.065916643","24.19764957","19.51005155","17.13639152","39.15590736","51.25646258","702.3647008","13.70294916"
"MRL6","D","MRL6D","rFAGSYLrPICABI","0.523509493","0.903252413","46.2975235","0.065916643","24.19764957","19.51005155","17.13639152","39.15590736","51.25646258","702.3647008","13.70294916"
"MRL6","F","MRL6F","rFAGSYLrPICABI","0.523509493","0.903252413","46.2975235","0.065916643","24.19764957","19.51005155","17.13639152","39.15590736","51.25646258","702.3647008","13.70294916"
"MRL7","A","MRL7A","rACEPSErPICABI","0.791281475","1.04000933","45.4849364","0.069788102","19.84776485","18.74207549","15.99662423","45.41353543","43.73512342","651.7577468","14.90238728"
"MRL7","C","MRL7C","rACEPSErPICABI","0.791281475","1.04000933","45.4849364","0.069788102","19.84776485","18.74207549","15.99662423","45.41353543","43.73512342","651.7577468","14.90238728"
"MRL7","D","MRL7D","rACEPSErPICABI","0.791281475","1.04000933","45.4849364","0.069788102","19.84776485","18.74207549","15.99662423","45.41353543","43.73512342","651.7577468","14.90238728"
"MRL7","F","MRL7F","rACEPSErPICABI","0.791281475","1.04000933","45.4849364","0.069788102","19.84776485","18.74207549","15.99662423","45.41353543","43.73512342","651.7577468","14.90238728"
"MRL8","A","MRL8A","rABIALBrFAGSYL","0.37522667","1.110898634","47.27720324","0.067632589","26.89258962","18.88768453","17.73546061","36.48426524","42.55762119","699.0299181","16.42549321"
"MRL8","C","MRL8C","rABIALBrFAGSYL","0.37522667","1.110898634","47.27720324","0.067632589","26.89258962","18.88768453","17.73546061","36.48426524","42.55762119","699.0299181","16.42549321"
"MRL8","D","MRL8D","rABIALBrFAGSYL","0.37522667","1.110898634","47.27720324","0.067632589","26.89258962","18.88768453","17.73546061","36.48426524","42.55762119","699.0299181","16.42549321"
"MRL8","F","MRL8F","rABIALBrFAGSYL","0.37522667","1.110898634","47.27720324","0.067632589","26.89258962","18.88768453","17.73546061","36.48426524","42.55762119","699.0299181","16.42549321"
"MRL9","A","MRL9A","rABIALBrACEPSE","0.611393219","1.247655551","46.46461614","0.071504048","22.5427049","18.11970848","16.59569332","42.7418933","37.24154164","649.8179797","17.44874007"
"MRL9","C","MRL9C","rABIALBrACEPSE","0.611393219","1.247655551","46.46461614","0.071504048","22.5427049","18.11970848","16.59569332","42.7418933","37.24154164","649.8179797","17.44874007"
"MRL9","D","MRL9D","rABIALBrACEPSE","0.611393219","1.247655551","46.46461614","0.071504048","22.5427049","18.11970848","16.59569332","42.7418933","37.24154164","649.8179797","17.44874007"
"MRL9","F","MRL9F","rABIALBrACEPSE","0.611393219","1.247655551","46.46461614","0.071504048","22.5427049","18.11970848","16.59569332","42.7418933","37.24154164","649.8179797","17.44874007"
"MSL1","A","MSL1A","sQUEILE","0.765603925","0.935281773","47.01129786","0.054637855","12.68073741","19.16861316","16.60619666","51.54445276","50.2643152","860.4162418","17.11783476"
"MSL1","C","MSL1C","sQUEILE","0.765603925","0.935281773","47.01129786","0.054637855","12.68073741","19.16861316","16.60619666","51.54445276","50.2643152","860.4162418","17.11783476"
"MSL1","D","MSL1D","sQUEILE","0.765603925","0.935281773","47.01129786","0.054637855","12.68073741","19.16861316","16.60619666","51.54445276","50.2643152","860.4162418","17.11783476"
"MSL1","F","MSL1F","sQUEILE","0.765603925","0.935281773","47.01129786","0.054637855","12.68073741","19.16861316","16.60619666","51.54445276","50.2643152","860.4162418","17.11783476"
"MSL10","A","MSL10A","sPINNIGsPINSYL","0.759135871","0.31157816","51.48910077","0.03558239","16.60298469","19.64893497","15.02018229","48.72789806","165.2525994","1447.038864","8.756527092"
"MSL10","C","MSL10C","sPINNIGsPINSYL","0.759135871","0.31157816","51.48910077","0.03558239","16.60298469","19.64893497","15.02018229","48.72789806","165.2525994","1447.038864","8.756527092"
"MSL10","D","MSL10D","sPINNIGsPINSYL","0.759135871","0.31157816","51.48910077","0.03558239","16.60298469","19.64893497","15.02018229","48.72789806","165.2525994","1447.038864","8.756527092"
"MSL10","F","MSL10F","sPINNIGsPINSYL","0.759135871","0.31157816","51.48910077","0.03558239","16.60298469","19.64893497","15.02018229","48.72789806","165.2525994","1447.038864","8.756527092"
"MSL11","A","MSL11A","sPINNIGsPINSYLsQUEFAG","0.674173738","0.385263473","49.6147605","0.026699906","15.5710156","19.33690636","17.47969237","47.61238566","128.7813769","1858.237264","14.42939428"
"MSL11","C","MSL11C","sPINNIGsPINSYLsQUEFAG","0.674173738","0.385263473","49.6147605","0.026699906","15.5710156","19.33690636","17.47969237","47.61238566","128.7813769","1858.237264","14.42939428"
"MSL11","D","MSL11D","sPINNIGsPINSYLsQUEFAG","0.674173738","0.385263473","49.6147605","0.026699906","15.5710156","19.33690636","17.47969237","47.61238566","128.7813769","1858.237264","14.42939428"
"MSL11","F","MSL11F","sPINNIGsPINSYLsQUEFAG","0.674173738","0.385263473","49.6147605","0.026699906","15.5710156","19.33690636","17.47969237","47.61238566","128.7813769","1858.237264","14.42939428"
"MSL12","A","MSL12A","sPINNIGsPINSYLsQUEILE","0.71235214","0.519479364","49.9964998","0.041934211","15.29556893","19.4888277","15.54885375","49.66674962","96.24347617","1192.260401","12.38796071"
"MSL12","C","MSL12C","sPINNIGsPINSYLsQUEILE","0.71235214","0.519479364","49.9964998","0.041934211","15.29556893","19.4888277","15.54885375","49.66674962","96.24347617","1192.260401","12.38796071"
"MSL12","D","MSL12D","sPINNIGsPINSYLsQUEILE","0.71235214","0.519479364","49.9964998","0.041934211","15.29556893","19.4888277","15.54885375","49.66674962","96.24347617","1192.260401","12.38796071"
"MSL12","F","MSL12F","sPINNIGsPINSYLsQUEILE","0.71235214","0.519479364","49.9964998","0.041934211","15.29556893","19.4888277","15.54885375","49.66674962","96.24347617","1192.260401","12.38796071"
"MSL13","A","MSL13A","sPINNIGsQUEFAGsQUEILE","0.655931107","0.588650664","48.31031715","0.038335746","14.90760662","19.09814168","17.90575361","48.08849809","82.06958749","1260.189834","15.3551379"
"MSL13","C","MSL13C","sPINNIGsQUEFAGsQUEILE","0.655931107","0.588650664","48.31031715","0.038335746","14.90760662","19.09814168","17.90575361","48.08849809","82.06958749","1260.189834","15.3551379"
"MSL13","D","MSL13D","sPINNIGsQUEFAGsQUEILE","0.655931107","0.588650664","48.31031715","0.038335746","14.90760662","19.09814168","17.90575361","48.08849809","82.06958749","1260.189834","15.3551379"
"MSL13","F","MSL13F","sPINNIGsQUEFAGsQUEILE","0.655931107","0.588650664","48.31031715","0.038335746","14.90760662","19.09814168","17.90575361","48.08849809","82.06958749","1260.189834","15.3551379"
"MSL14","A","MSL14A","sPINSYLsQUEFAGsQUEILE","0.748907566","0.597678691","47.93400192","0.02776771","13.61959307","19.25545651","18.11097405","49.01397637","80.20028593","1726.249734","21.52423416"
"MSL14","C","MSL14C","sPINSYLsQUEFAGsQUEILE","0.748907566","0.597678691","47.93400192","0.02776771","13.61959307","19.25545651","18.11097405","49.01397637","80.20028593","1726.249734","21.52423416"
"MSL14","D","MSL14D","sPINSYLsQUEFAGsQUEILE","0.748907566","0.597678691","47.93400192","0.02776771","13.61959307","19.25545651","18.11097405","49.01397637","80.20028593","1726.249734","21.52423416"
"MSL14","F","MSL14F","sPINSYLsQUEFAGsQUEILE","0.748907566","0.597678691","47.93400192","0.02776771","13.61959307","19.25545651","18.11097405","49.01397637","80.20028593","1726.249734","21.52423416"
"MSL15","A","MSL15A","sPINNIGsPINSYLsQUEFAGsQUEILE","0.664184679","0.522768048","48.96389484","0.033684393","14.84844606","19.29483306","17.26131844","48.59540244","93.66275356","1453.607739","15.51959219"
"MSL15","C","MSL15C","sPINNIGsPINSYLsQUEFAGsQUEILE","0.664184679","0.522768048","48.96389484","0.033684393","14.84844606","19.29483306","17.26131844","48.59540244","93.66275356","1453.607739","15.51959219"
"MSL15","D","MSL15D","sPINNIGsPINSYLsQUEFAGsQUEILE","0.664184679","0.522768048","48.96389484","0.033684393","14.84844606","19.29483306","17.26131844","48.59540244","93.66275356","1453.607739","15.51959219"
"MSL15","F","MSL15F","sPINNIGsPINSYLsQUEFAGsQUEILE","0.664184679","0.522768048","48.96389484","0.033684393","14.84844606","19.29483306","17.26131844","48.59540244","93.66275356","1453.607739","15.51959219"
"MSL2","A","MSL2A","sQUEFAG","0.586992261","0.532634099","45.86607997","0.008934939","13.50707744","18.71284915","22.39871254","45.38136087","86.11179799","5133.340053","59.61250575"
"MSL2","C","MSL2C","sQUEFAG","0.586992261","0.532634099","45.86607997","0.008934939","13.50707744","18.71284915","22.39871254","45.38136087","86.11179799","5133.340053","59.61250575"
"MSL2","D","MSL2D","sQUEFAG","0.586992261","0.532634099","45.86607997","0.008934939","13.50707744","18.71284915","22.39871254","45.38136087","86.11179799","5133.340053","59.61250575"
"MSL2","F","MSL2F","sQUEFAG","0.586992261","0.532634099","45.86607997","0.008934939","13.50707744","18.71284915","22.39871254","45.38136087","86.11179799","5133.340053","59.61250575"
"MSL3","A","MSL3A","sPINSYL","0.713528736","0.325120201","50.92462794","0.019730336","14.67096437","19.88490722","15.32801294","50.11611547","156.6332323","2581.031977","16.47818882"
"MSL3","C","MSL3C","sPINSYL","0.713528736","0.325120201","50.92462794","0.019730336","14.67096437","19.88490722","15.32801294","50.11611547","156.6332323","2581.031977","16.47818882"
"MSL3","D","MSL3D","sPINSYL","0.713528736","0.325120201","50.92462794","0.019730336","14.67096437","19.88490722","15.32801294","50.11611547","156.6332323","2581.031977","16.47818882"
"MSL3","F","MSL3F","sPINSYL","0.713528736","0.325120201","50.92462794","0.019730336","14.67096437","19.88490722","15.32801294","50.11611547","156.6332323","2581.031977","16.47818882"
"MSL4","A","MSL4A","sPINNIG","0.646013125","0.298036118","52.05357361","0.051434444","18.53500501","19.41296272","14.71235163","47.33968064","174.6552528","1012.037267","5.794485136"
"MSL4","C","MSL4C","sPINNIG","0.646013125","0.298036118","52.05357361","0.051434444","18.53500501","19.41296272","14.71235163","47.33968064","174.6552528","1012.037267","5.794485136"
"MSL4","D","MSL4D","sPINNIG","0.646013125","0.298036118","52.05357361","0.051434444","18.53500501","19.41296272","14.71235163","47.33968064","174.6552528","1012.037267","5.794485136"
"MSL4","F","MSL4F","sPINNIG","0.646013125","0.298036118","52.05357361","0.051434444","18.53500501","19.41296272","14.71235163","47.33968064","174.6552528","1012.037267","5.794485136"
"MSL5","A","MSL5A","sQUEFAGsQUEILE","0.697637767","0.733957936","46.43868891","0.031786397","13.09390743","18.94073116","19.5024546","48.46290682","63.27159448","1460.961082","23.09031555"
"MSL5","C","MSL5C","sQUEFAGsQUEILE","0.697637767","0.733957936","46.43868891","0.031786397","13.09390743","18.94073116","19.5024546","48.46290682","63.27159448","1460.961082","23.09031555"
"MSL5","D","MSL5D","sQUEFAGsQUEILE","0.697637767","0.733957936","46.43868891","0.031786397","13.09390743","18.94073116","19.5024546","48.46290682","63.27159448","1460.961082","23.09031555"
"MSL5","F","MSL5F","sQUEFAGsQUEILE","0.697637767","0.733957936","46.43868891","0.031786397","13.09390743","18.94073116","19.5024546","48.46290682","63.27159448","1460.961082","23.09031555"
"MSL6","A","MSL6A","sPINSYLsQUEILE","0.716840163","0.630200987","48.9679629","0.037184095","13.67585089","19.52676019","15.9671048","50.83028412","77.70213615","1316.90612","16.94813278"
"MSL6","C","MSL6C","sPINSYLsQUEILE","0.716840163","0.630200987","48.9679629","0.037184095","13.67585089","19.52676019","15.9671048","50.83028412","77.70213615","1316.90612","16.94813278"
"MSL6","D","MSL6D","sPINSYLsQUEILE","0.716840163","0.630200987","48.9679629","0.037184095","13.67585089","19.52676019","15.9671048","50.83028412","77.70213615","1316.90612","16.94813278"
"MSL6","F","MSL6F","sPINSYLsQUEILE","0.716840163","0.630200987","48.9679629","0.037184095","13.67585089","19.52676019","15.9671048","50.83028412","77.70213615","1316.90612","16.94813278"
"MSL7","A","MSL7A","sPINNIGsQUEILE","0.686830775","0.616658946","49.53243574","0.053036149","15.60787121","19.29078794","15.65927415","49.4420667","80.32387443","933.9372566","11.62714402"
"MSL7","C","MSL7C","sPINNIGsQUEILE","0.686830775","0.616658946","49.53243574","0.053036149","15.60787121","19.29078794","15.65927415","49.4420667","80.32387443","933.9372566","11.62714402"
"MSL7","D","MSL7D","sPINNIGsQUEILE","0.686830775","0.616658946","49.53243574","0.053036149","15.60787121","19.29078794","15.65927415","49.4420667","80.32387443","933.9372566","11.62714402"
"MSL7","F","MSL7F","sPINNIGsQUEILE","0.686830775","0.616658946","49.53243574","0.053036149","15.60787121","19.29078794","15.65927415","49.4420667","80.32387443","933.9372566","11.62714402"
"MSL8","A","MSL8A","sPINSYLsQUEFAG","0.670501073","0.42887715","48.39535395","0.014332637","14.0890209","19.29887818","18.86336274","47.74873817","112.8419967","3376.58398","29.92311443"
"MSL8","C","MSL8C","sPINSYLsQUEFAG","0.670501073","0.42887715","48.39535395","0.014332637","14.0890209","19.29887818","18.86336274","47.74873817","112.8419967","3376.58398","29.92311443"
"MSL8","D","MSL8D","sPINSYLsQUEFAG","0.670501073","0.42887715","48.39535395","0.014332637","14.0890209","19.29887818","18.86336274","47.74873817","112.8419967","3376.58398","29.92311443"
"MSL8","F","MSL8F","sPINSYLsQUEFAG","0.670501073","0.42887715","48.39535395","0.014332637","14.0890209","19.29887818","18.86336274","47.74873817","112.8419967","3376.58398","29.92311443"
"MSL9","A","MSL9A","sPINNIGsQUEFAG","0.547803686","0.415335109","48.95982679","0.030184691","16.02104122","19.06290593","18.55553209","46.36052076","117.8802989","1622.008535","13.75979319"
"MSL9","C","MSL9C","sPINNIGsQUEFAG","0.547803686","0.415335109","48.95982679","0.030184691","16.02104122","19.06290593","18.55553209","46.36052076","117.8802989","1622.008535","13.75979319"
"MSL9","D","MSL9D","sPINNIGsQUEFAG","0.547803686","0.415335109","48.95982679","0.030184691","16.02104122","19.06290593","18.55553209","46.36052076","117.8802989","1622.008535","13.75979319"
"MSL9","F","MSL9F","sPINNIGsQUEFAG","0.547803686","0.415335109","48.95982679","0.030184691","16.02104122","19.06290593","18.55553209","46.36052076","117.8802989","1622.008535","13.75979319"
